10,30,11,27,35
10,30,11,28,34
10,30,11,32,17
10,30,11,33,18
10,30,11,37,4
10,30,11,37,33
10,30,11,40,8
10,30,11,40,15
10,30,11,41,30
10,30,11,43,48
10,30,11,47,58
10,30,11,48,24
10,30,11,48,31
10,30,11,50,3
10,30,11,50,5
10,30,11,50,36
10,30,11,52,41
10,30,11,52,59
10,30,11,53,17
10,30,11,53,26
10,30,11,53,56
10,30,11,55,29
10,30,11,55,37
10,30,11,55,44
10,30,11,56,3
10,30,11,56,16
10,30,11,56,30
10,30,11,58,25
10,30,11,59,10
10,30,11,59,53
10,30,12,0,29
10,30,12,1,14
10,30,12,2,7
10,30,12,3,28
10,30,12,3,30
10,30,12,3,48
10,30,12,4,18
10,30,12,4,40
10,30,12,4,45
10,30,12,5,18
10,30,12,5,54
10,30,12,6,38
10,30,12,7,6
10,30,12,7,28
10,30,12,7,33
10,30,12,7,41
10,30,12,8,16
10,30,12,8,19
10,30,12,8,37
10,30,12,9,24
10,30,12,11,15
10,30,12,11,17
10,30,12,12,1
10,30,12,12,51
10,30,12,12,55
10,30,12,13,17
10,30,12,13,24
10,30,12,13,30
10,30,12,15,2
10,30,12,15,10
10,30,12,15,12
10,30,12,18,27
10,30,12,23,18
10,30,12,26,52
10,30,12,30,40
10,30,12,30,42
10,30,12,34,18
10,30,12,34,41
10,30,12,37,51
10,30,12,49,7
10,30,12,49,9
10,30,13,4,19
10,30,13,4,21
10,30,13,8,14
10,30,13,12,16
10,30,13,14,58
10,30,13,26,45
10,30,13,32,41
10,30,13,32,52
10,30,13,35,8
10,30,13,37,15
10,30,13,49,57
10,30,13,49,59
10,30,13,50,1
10,30,13,57,22
10,30,13,57,24
10,30,14,0,11
10,30,14,0,26
10,30,14,4,40
10,30,14,5,37
10,30,14,8,7
10,30,14,8,28
10,30,14,9,41
10,30,14,9,42
10,30,14,13,10
10,30,14,21,8
10,30,14,21,53
10,30,14,29,34
10,30,14,29,42
10,30,14,32,22
10,30,14,53,15
10,30,15,7,59
10,30,15,8,6
10,30,15,8,9
10,30,15,15,15
10,30,15,27,7
10,30,15,31,50
10,30,15,38,13
10,30,15,42,9
10,30,15,42,31
10,30,15,43,52
10,30,15,44,59
10,30,15,53,46
10,30,16,3,34
10,30,16,7,31
10,30,16,14,12
10,30,16,14,19
10,30,18,3,12
10,30,21,23,22
10,31,6,25,36
10,31,8,5,51
10,31,9,50,15
10,31,21,28,22
11,1,0,1,1
11,1,0,1,1
11,1,0,1,3
11,1,6,25,36
11,1,8,6,22
11,1,11,51,4
11,1,11,51,8
11,1,17,57,39
11,2,5,35,59
11,2,6,49,34
11,2,7,39,2
11,2,7,39,49
11,2,7,39,52
11,2,7,39,58
11,2,7,40,7
11,2,7,40,10
11,2,7,41,36
11,2,7,41,39
11,2,7,43,3
11,2,7,45,14
11,2,7,46,22
11,2,7,47,28
11,2,7,48,48
11,2,7,48,55
11,2,7,49,2
11,2,7,49,30
11,2,7,49,46
11,2,7,50,31
11,2,7,50,45
11,2,7,50,47
11,2,7,50,55
11,2,7,52,35
11,2,7,53,2
11,2,7,53,21
11,2,7,53,23
11,2,7,53,23
11,2,7,53,25
11,2,7,55,14
11,2,7,55,43
11,2,7,56,32
11,2,7,56,42
11,2,7,57,4
11,2,7,58,2
11,2,7,58,7
11,2,7,58,27
11,2,7,59,22
11,2,7,59,54
11,2,8,0,0
11,2,8,0,14
11,2,8,0,54
11,2,8,1,15
11,2,8,1,34
11,2,8,1,36
11,2,8,1,39
11,2,8,2,24
11,2,8,2,27
11,2,8,2,37
11,2,8,2,39
11,2,8,3,5
11,2,8,3,31
11,2,8,3,44
11,2,8,3,51
11,2,8,3,53
11,2,8,4,43
11,2,8,5,6
11,2,8,5,14
11,2,8,5,19
11,2,8,6,57
11,2,8,7,0
11,2,8,7,7
11,2,8,8,24
11,2,8,8,38
11,2,8,8,43
11,2,8,10,9
11,2,8,10,12
11,2,8,10,13
11,2,8,10,16
11,2,8,10,36
11,2,8,10,44
11,2,8,10,49
11,2,8,10,55
11,2,8,11,22
11,2,8,11,52
11,2,8,11,53
11,2,8,11,56
11,2,8,12,19
11,2,8,12,23
11,2,8,13,58
11,2,8,14,37
11,2,8,14,39
11,2,8,15,31
11,2,8,16,52
11,2,8,17,41
11,2,8,17,45
11,2,8,19,41
11,2,8,19,44
11,2,8,24,8
11,2,8,24,11
11,2,8,26,14
11,2,8,38,50
11,2,8,39,18
11,2,8,40,1
11,2,8,46,32
11,2,8,46,32
11,2,8,47,13
11,2,8,48,44
11,2,8,51,18
11,2,8,53,50
11,2,8,54,24
11,2,8,58,45
11,2,9,5,2
11,2,9,5,38
11,2,9,5,44
11,2,9,6,6
11,2,9,8,26
11,2,9,18,48
11,2,9,24,18
11,2,9,25,1
11,2,9,27,36
11,2,9,28,52
11,2,9,36,10
11,2,9,44,47
11,2,9,45,55
11,2,9,45,57
11,2,9,46,14
11,2,9,48,10
11,2,9,50,33
11,2,9,50,36
11,2,9,51,10
11,2,9,53,3
11,2,9,53,12
11,2,9,53,58
11,2,9,54,40
11,2,9,55,19
11,2,9,57,15
11,2,9,57,22
11,2,9,58,4
11,2,10,0,9
11,2,10,1,15
11,2,10,1,17
11,2,10,1,20
11,2,10,1,51
11,2,10,2,29
11,2,10,5,35
11,2,10,5,41
11,2,10,5,57
11,2,10,6,9
11,2,10,6,12
11,2,10,6,14
11,2,10,7,28
11,2,10,8,44
11,2,10,8,47
11,2,10,8,52
11,2,10,8,52
11,2,10,8,55
11,2,10,10,56
11,2,10,11,12
11,2,10,16,14
11,2,10,18,36
11,2,10,25,50
11,2,10,25,55
11,2,10,32,40
11,2,10,32,46
11,2,10,33,42
11,2,10,40,27
11,2,10,40,30
11,2,10,40,34
11,2,10,41,1
11,2,10,43,31
11,2,10,48,23
11,2,10,57,0
11,2,10,57,4
11,2,10,57,12
11,2,10,57,48
11,2,10,59,30
11,2,11,1,58
11,2,11,5,2
11,2,11,7,31
11,2,11,7,34
11,2,11,7,38
11,2,11,9,37
11,2,11,11,50
11,2,11,11,53
11,2,11,12,26
11,2,11,29,41
11,2,11,29,44
11,2,11,31,27
11,2,11,34,34
11,2,11,34,37
11,2,11,34,41
11,2,11,34,44
11,2,11,34,46
11,2,11,35,5
11,2,11,35,32
11,2,11,41,28
11,2,11,41,53
11,2,11,45,37
11,2,11,46,43
11,2,11,46,46
11,2,11,47,27
11,2,11,47,29
11,2,11,47,31
11,2,11,48,34
11,2,11,49,34
11,2,11,50,40
11,2,11,51,9
11,2,11,51,58
11,2,11,52,0
11,2,11,53,30
11,2,11,53,32
11,2,11,54,18
11,2,11,54,31
11,2,11,56,53
11,2,11,58,20
11,2,11,58,25
11,2,11,59,8
11,2,11,59,11
11,2,11,59,56
11,2,12,0,11
11,2,12,0,45
11,2,12,0,55
11,2,12,1,47
11,2,12,3,3
11,2,12,3,6
11,2,12,3,21
11,2,12,3,27
11,2,12,3,45
11,2,12,3,49
11,2,12,3,58
11,2,12,5,32
11,2,12,5,55
11,2,12,6,21
11,2,12,6,30
11,2,12,6,43
11,2,12,7,18
11,2,12,8,19
11,2,12,8,25
11,2,12,8,41
11,2,12,8,57
11,2,12,8,59
11,2,12,9,3
11,2,12,9,8
11,2,12,9,28
11,2,12,9,29
11,2,12,9,58
11,2,12,9,59
11,2,12,10,3
11,2,12,10,19
11,2,12,11,45
11,2,12,12,12
11,2,12,12,26
11,2,12,12,29
11,2,12,12,39
11,2,12,14,23
11,2,12,15,40
11,2,12,17,41
11,2,12,18,19
11,2,12,19,15
11,2,12,23,16
11,2,12,24,33
11,2,12,27,1
11,2,12,28,35
11,2,12,30,27
11,2,12,33,48
11,2,12,36,34
11,2,12,46,40
11,2,12,46,44
11,2,12,46,47
11,2,12,47,54
11,2,12,53,38
11,2,12,58,39
11,2,13,2,30
11,2,13,5,38
11,2,13,5,43
11,2,13,25,38
11,2,13,30,20
11,2,13,31,8
11,2,13,34,22
11,2,13,35,10
11,2,13,39,16
11,2,13,39,18
11,2,13,44,10
11,2,13,46,54
11,2,13,55,55
11,2,13,57,13
11,2,13,57,31
11,2,13,58,25
11,2,13,58,40
11,2,13,58,54
11,2,14,0,53
11,2,14,0,58
11,2,14,1,2
11,2,14,1,4
11,2,14,1,10
11,2,14,1,12
11,2,14,2,23
11,2,14,8,37
11,2,14,9,55
11,2,14,31,40
11,2,14,31,42
11,2,14,57,56
11,2,15,0,9
11,2,15,7,8
11,2,15,9,15
11,2,15,10,37
11,2,15,10,40
11,2,15,11,41
11,2,15,14,15
11,2,15,15,14
11,2,15,19,20
11,2,15,19,23
11,2,15,21,16
11,2,15,21,16
11,2,15,21,16
11,2,15,21,18
11,2,15,21,20
11,2,15,21,22
11,2,15,21,25
11,2,15,36,46
11,2,15,42,15
11,2,15,46,18
11,2,15,46,23
11,2,15,49,6
11,2,15,51,23
11,2,15,54,24
11,2,15,58,16
11,2,15,58,20
11,2,15,59,2
11,2,16,4,10
11,2,16,4,23
11,2,16,5,49
11,2,16,7,51
11,2,16,7,54
11,2,16,9,24
11,2,16,9,34
11,2,16,36,22
11,2,16,42,54
11,2,16,52,42
11,2,16,52,47
11,2,17,11,31
11,2,17,49,28
11,2,17,51,8
11,2,17,54,53
11,2,17,54,59
11,2,17,55,6
11,2,17,55,9
11,2,18,3,40
11,2,18,3,47
11,2,18,3,49
11,2,18,4,26
11,2,19,8,21
11,2,19,17,0
11,2,19,17,4
11,3,0,14,26
11,3,7,34,6
11,3,7,38,13
11,3,7,38,16
11,3,7,38,30
11,3,7,40,25
11,3,7,40,27
11,3,7,41,13
11,3,7,41,24
11,3,7,41,30
11,3,7,42,11
11,3,7,42,27
11,3,7,43,0
11,3,7,44,30
11,3,7,44,54
11,3,7,45,6
11,3,7,46,15
11,3,7,47,5
11,3,7,47,18
11,3,7,47,55
11,3,7,47,57
11,3,7,48,1
11,3,7,48,17
11,3,7,48,54
11,3,7,49,28
11,3,7,49,35
11,3,7,49,39
11,3,7,51,41
11,3,7,52,31
11,3,7,52,34
11,3,7,55,3
11,3,7,55,14
11,3,7,56,12
11,3,7,56,19
11,3,7,56,23
11,3,7,56,25
11,3,7,56,27
11,3,7,56,36
11,3,7,56,39
11,3,7,57,7
11,3,7,57,27
11,3,7,57,32
11,3,7,57,36
11,3,7,58,36
11,3,7,58,38
11,3,7,58,41
11,3,7,58,55
11,3,7,58,57
11,3,7,58,59
11,3,7,59,21
11,3,7,59,47
11,3,7,59,52
11,3,8,0,7
11,3,8,0,10
11,3,8,0,46
11,3,8,1,27
11,3,8,2,13
11,3,8,2,15
11,3,8,2,30
11,3,8,2,52
11,3,8,2,57
11,3,8,3,3
11,3,8,3,25
11,3,8,4,12
11,3,8,4,15
11,3,8,4,19
11,3,8,4,59
11,3,8,5,4
11,3,8,5,9
11,3,8,5,12
11,3,8,5,19
11,3,8,5,23
11,3,8,5,32
11,3,8,5,33
11,3,8,5,36
11,3,8,5,38
11,3,8,5,42
11,3,8,5,45
11,3,8,5,55
11,3,8,6,3
11,3,8,6,57
11,3,8,7,50
11,3,8,8,22
11,3,8,8,24
11,3,8,8,33
11,3,8,8,36
11,3,8,8,41
11,3,8,8,43
11,3,8,8,48
11,3,8,8,54
11,3,8,8,56
11,3,8,9,5
11,3,8,9,20
11,3,8,9,30
11,3,8,9,37
11,3,8,10,18
11,3,8,10,20
11,3,8,10,25
11,3,8,10,28
11,3,8,10,34
11,3,8,10,49
11,3,8,10,55
11,3,8,11,17
11,3,8,11,53
11,3,8,12,17
11,3,8,12,29
11,3,8,12,31
11,3,8,12,33
11,3,8,12,33
11,3,8,12,51
11,3,8,13,2
11,3,8,13,20
11,3,8,13,22
11,3,8,13,34
11,3,8,14,39
11,3,8,14,54
11,3,8,15,28
11,3,8,15,30
11,3,8,16,4
11,3,8,17,53
11,3,8,18,12
11,3,8,18,14
11,3,8,20,19
11,3,8,20,50
11,3,8,21,17
11,3,8,21,45
11,3,8,21,47
11,3,8,26,9
11,3,8,26,11
11,3,8,26,19
11,3,8,27,13
11,3,8,27,47
11,3,8,30,41
11,3,8,32,32
11,3,8,34,1
11,3,8,34,6
11,3,8,36,50
11,3,8,53,10
11,3,8,54,45
11,3,8,55,7
11,3,8,59,17
11,3,9,0,28
11,3,9,2,28
11,3,9,3,10
11,3,9,3,21
11,3,9,3,23
11,3,9,6,58
11,3,9,8,7
11,3,9,9,19
11,3,9,9,22
11,3,9,10,46
11,3,9,11,7
11,3,9,12,42
11,3,9,24,45
11,3,9,24,56
11,3,9,29,54
11,3,9,32,47
11,3,9,38,56
11,3,9,42,59
11,3,9,43,43
11,3,9,44,23
11,3,9,49,0
11,3,9,50,45
11,3,9,53,45
11,3,9,54,44
11,3,9,55,4
11,3,9,55,46
11,3,9,56,4
11,3,9,57,42
11,3,9,57,57
11,3,9,58,20
11,3,9,58,53
11,3,9,59,12
11,3,9,59,17
11,3,10,0,53
11,3,10,2,1
11,3,10,6,6
11,3,10,7,1
11,3,10,7,11
11,3,10,7,13
11,3,10,7,15
11,3,10,8,53
11,3,10,10,13
11,3,10,10,53
11,3,10,11,58
11,3,10,13,4
11,3,10,14,6
11,3,10,16,7
11,3,10,25,3
11,3,10,28,36
11,3,10,32,36
11,3,10,32,42
11,3,10,41,40
11,3,10,43,14
11,3,10,45,20
11,3,10,51,23
11,3,10,56,49
11,3,11,8,12
11,3,11,10,29
11,3,11,10,47
11,3,11,12,20
11,3,11,20,54
11,3,11,20,56
11,3,11,28,8
11,3,11,29,17
11,3,11,33,32
11,3,11,37,26
11,3,11,37,48
11,3,11,37,51
11,3,11,45,49
11,3,11,47,45
11,3,11,48,50
11,3,11,50,56
11,3,11,52,0
11,3,11,52,27
11,3,11,52,46
11,3,11,53,45
11,3,11,54,57
11,3,11,55,23
11,3,11,56,36
11,3,11,57,2
11,3,11,57,6
11,3,11,57,9
11,3,11,57,28
11,3,11,57,30
11,3,11,57,33
11,3,11,57,35
11,3,11,58,22
11,3,11,59,20
11,3,11,59,52
11,3,12,0,43
11,3,12,1,23
11,3,12,2,15
11,3,12,2,35
11,3,12,2,45
11,3,12,4,38
11,3,12,4,40
11,3,12,4,45
11,3,12,5,4
11,3,12,5,6
11,3,12,5,22
11,3,12,5,47
11,3,12,5,54
11,3,12,6,47
11,3,12,6,54
11,3,12,7,22
11,3,12,7,35
11,3,12,8,29
11,3,12,8,33
11,3,12,8,38
11,3,12,8,53
11,3,12,9,41
11,3,12,12,6
11,3,12,12,50
11,3,12,13,2
11,3,12,13,28
11,3,12,13,51
11,3,12,16,11
11,3,12,19,20
11,3,12,21,34
11,3,12,21,36
11,3,12,21,49
11,3,12,21,54
11,3,12,25,2
11,3,12,25,3
11,3,12,25,23
11,3,12,25,45
11,3,12,26,1
11,3,12,26,3
11,3,12,27,37
11,3,12,33,4
11,3,12,42,45
11,3,12,49,42
11,3,12,53,24
11,3,13,3,29
11,3,13,18,6
11,3,13,18,18
11,3,13,31,2
11,3,13,39,28
11,3,13,40,46
11,3,13,40,48
11,3,13,40,54
11,3,13,42,13
11,3,13,48,52
11,3,13,48,53
11,3,13,51,10
11,3,13,52,29
11,3,13,56,28
11,3,13,56,45
11,3,13,59,8
11,3,14,0,23
11,3,14,0,26
11,3,14,1,28
11,3,14,29,42
11,3,14,31,31
11,3,14,49,54
11,3,14,51,57
11,3,15,1,38
11,3,15,5,58
11,3,15,13,38
11,3,15,13,45
11,3,15,22,58
11,3,15,30,6
11,3,15,31,19
11,3,15,31,35
11,3,15,32,48
11,3,15,32,59
11,3,15,33,7
11,3,15,33,21
11,3,15,37,26
11,3,15,41,12
11,3,15,41,41
11,3,15,42,57
11,3,15,43,6
11,3,15,43,46
11,3,15,45,35
11,3,15,46,12
11,3,15,47,43
11,3,15,49,24
11,3,15,49,26
11,3,15,50,7
11,3,15,50,8
11,3,15,50,10
11,3,15,50,13
11,3,15,51,40
11,3,15,53,35
11,3,15,53,52
11,3,15,54,52
11,3,15,55,2
11,3,15,55,7
11,3,15,55,9
11,3,15,57,58
11,3,16,3,46
11,3,16,10,4
11,3,16,10,41
11,3,16,19,19
11,3,16,19,20
11,3,16,25,2
11,3,16,25,7
11,3,16,54,57
11,3,17,1,0
11,3,17,50,3
11,3,17,56,49
11,3,17,57,56
11,3,18,4,1
11,3,18,4,3
11,3,18,9,14
11,3,19,11,56
11,3,20,1,56
11,3,20,12,56
11,3,20,12,59
11,3,21,35,26
11,4,6,25,32
11,4,6,25,32
11,4,7,16,56
11,4,7,16,56
11,4,7,16,56
11,4,7,16,57
11,4,7,16,58
11,4,7,30,58
11,4,7,36,54
11,4,7,37,7
11,4,7,37,10
11,4,7,37,13
11,4,7,37,38
11,4,7,38,29
11,4,7,40,6
11,4,7,40,40
11,4,7,40,51
11,4,7,44,51
11,4,7,50,47
11,4,7,51,0
11,4,7,51,16
11,4,7,52,10
11,4,7,53,37
11,4,7,53,54
11,4,7,54,17
11,4,7,55,0
11,4,7,55,9
11,4,7,55,28
11,4,7,55,30
11,4,7,55,35
11,4,7,55,53
11,4,7,56,37
11,4,7,56,54
11,4,7,56,59
11,4,7,57,5
11,4,7,57,10
11,4,7,57,35
11,4,7,58,31
11,4,7,58,33
11,4,7,58,42
11,4,7,58,45
11,4,7,58,48
11,4,7,58,53
11,4,7,59,1
11,4,7,59,40
11,4,7,59,43
11,4,7,59,51
11,4,8,0,27
11,4,8,0,48
11,4,8,1,1
11,4,8,1,6
11,4,8,1,9
11,4,8,1,15
11,4,8,2,1
11,4,8,2,16
11,4,8,2,22
11,4,8,2,49
11,4,8,3,13
11,4,8,3,15
11,4,8,3,17
11,4,8,4,1
11,4,8,4,19
11,4,8,4,41
11,4,8,4,46
11,4,8,5,6
11,4,8,5,29
11,4,8,6,17
11,4,8,7,11
11,4,8,7,14
11,4,8,7,16
11,4,8,7,18
11,4,8,7,29
11,4,8,7,31
11,4,8,7,49
11,4,8,7,51
11,4,8,7,54
11,4,8,8,0
11,4,8,8,5
11,4,8,8,8
11,4,8,8,13
11,4,8,8,28
11,4,8,8,38
11,4,8,8,41
11,4,8,8,50
11,4,8,8,58
11,4,8,9,17
11,4,8,9,29
11,4,8,9,32
11,4,8,9,45
11,4,8,9,50
11,4,8,9,53
11,4,8,9,57
11,4,8,10,32
11,4,8,10,39
11,4,8,11,6
11,4,8,11,8
11,4,8,11,16
11,4,8,11,18
11,4,8,11,44
11,4,8,11,58
11,4,8,12,5
11,4,8,12,10
11,4,8,12,23
11,4,8,12,39
11,4,8,12,56
11,4,8,13,22
11,4,8,13,26
11,4,8,13,44
11,4,8,13,54
11,4,8,13,59
11,4,8,14,13
11,4,8,14,36
11,4,8,16,14
11,4,8,16,28
11,4,8,17,16
11,4,8,18,22
11,4,8,18,31
11,4,8,19,58
11,4,8,20,32
11,4,8,21,6
11,4,8,21,15
11,4,8,21,19
11,4,8,21,55
11,4,8,21,57
11,4,8,22,22
11,4,8,23,27
11,4,8,23,29
11,4,8,27,28
11,4,8,32,56
11,4,8,33,26
11,4,8,35,45
11,4,8,44,24
11,4,8,50,11
11,4,8,51,10
11,4,8,51,15
11,4,8,55,48
11,4,8,55,50
11,4,8,56,39
11,4,8,58,24
11,4,8,59,42
11,4,8,59,49
11,4,8,59,51
11,4,9,1,46
11,4,9,2,13
11,4,9,3,38
11,4,9,8,16
11,4,9,11,39
11,4,9,13,53
11,4,9,15,30
11,4,9,19,12
11,4,9,21,32
11,4,9,42,37
11,4,9,48,46
11,4,9,49,5
11,4,9,50,4
11,4,9,51,50
11,4,9,52,51
11,4,9,55,19
11,4,9,59,25
11,4,10,0,41
11,4,10,0,43
11,4,10,1,15
11,4,10,4,21
11,4,10,6,14
11,4,10,6,19
11,4,10,7,7
11,4,10,7,14
11,4,10,7,18
11,4,10,7,25
11,4,10,8,1
11,4,10,8,3
11,4,10,8,40
11,4,10,10,25
11,4,10,14,14
11,4,10,16,14
11,4,10,16,19
11,4,10,19,0
11,4,10,24,31
11,4,10,37,10
11,4,10,42,11
11,4,10,44,32
11,4,10,44,44
11,4,10,45,29
11,4,10,46,40
11,4,10,50,6
11,4,10,55,33
11,4,11,9,49
11,4,11,25,42
11,4,11,30,24
11,4,11,35,34
11,4,11,36,16
11,4,11,37,56
11,4,11,38,13
11,4,11,39,30
11,4,11,42,5
11,4,11,42,7
11,4,11,42,30
11,4,11,43,0
11,4,11,43,5
11,4,11,43,39
11,4,11,44,40
11,4,11,44,57
11,4,11,45,16
11,4,11,46,33
11,4,11,46,35
11,4,11,48,12
11,4,11,48,30
11,4,11,51,8
11,4,11,52,50
11,4,11,52,59
11,4,11,54,57
11,4,11,55,56
11,4,11,56,12
11,4,11,57,52
11,4,11,58,0
11,4,11,58,2
11,4,11,58,8
11,4,11,58,42
11,4,11,58,49
11,4,12,0,41
11,4,12,1,6
11,4,12,1,11
11,4,12,1,17
11,4,12,1,19
11,4,12,1,31
11,4,12,1,34
11,4,12,1,37
11,4,12,2,10
11,4,12,2,13
11,4,12,2,20
11,4,12,2,41
11,4,12,2,56
11,4,12,3,14
11,4,12,3,16
11,4,12,3,22
11,4,12,3,28
11,4,12,5,13
11,4,12,5,15
11,4,12,5,50
11,4,12,6,5
11,4,12,6,31
11,4,12,6,45
11,4,12,7,7
11,4,12,7,10
11,4,12,7,12
11,4,12,7,28
11,4,12,7,48
11,4,12,8,7
11,4,12,8,23
11,4,12,8,25
11,4,12,8,46
11,4,12,8,49
11,4,12,8,56
11,4,12,9,56
11,4,12,11,1
11,4,12,11,15
11,4,12,12,16
11,4,12,12,38
11,4,12,12,55
11,4,12,13,13
11,4,12,16,51
11,4,12,18,57
11,4,12,21,37
11,4,12,21,55
11,4,12,25,56
11,4,12,25,58
11,4,12,27,49
11,4,12,31,32
11,4,12,31,34
11,4,12,42,1
11,4,12,42,50
11,4,12,42,54
11,4,12,46,24
11,4,12,53,52
11,4,12,58,15
11,4,12,58,40
11,4,13,6,20
11,4,13,6,25
11,4,13,6,29
11,4,13,9,2
11,4,13,9,12
11,4,13,9,49
11,4,13,17,8
11,4,13,32,12
11,4,13,32,14
11,4,13,32,15
11,4,13,44,51
11,4,13,50,9
11,4,13,52,53
11,4,13,53,42
11,4,13,53,45
11,4,13,56,43
11,4,13,58,0
11,4,13,58,18
11,4,13,58,39
11,4,14,0,42
11,4,14,0,43
11,4,14,0,47
11,4,14,2,6
11,4,14,2,10
11,4,14,3,44
11,4,14,3,52
11,4,14,4,48
11,4,14,5,10
11,4,14,5,16
11,4,14,5,59
11,4,14,6,1
11,4,14,6,37
11,4,14,6,45
11,4,14,7,7
11,4,14,9,16
11,4,14,9,18
11,4,14,9,22
11,4,14,10,12
11,4,14,11,39
11,4,14,15,50
11,4,14,18,39
11,4,14,18,43
11,4,14,20,20
11,4,14,30,5
11,4,14,36,39
11,4,15,3,31
11,4,15,5,25
11,4,15,5,30
11,4,15,6,12
11,4,15,6,15
11,4,15,6,29
11,4,15,6,46
11,4,15,7,24
11,4,15,17,42
11,4,15,27,51
11,4,15,30,42
11,4,15,36,18
11,4,15,37,24
11,4,15,44,10
11,4,15,47,57
11,4,15,51,32
11,4,15,53,30
11,4,15,56,27
11,4,15,56,28
11,4,15,56,43
11,4,15,56,45
11,4,15,57,15
11,4,15,57,17
11,4,15,58,35
11,4,15,58,37
11,4,16,3,36
11,4,16,6,18
11,4,16,6,57
11,4,16,20,16
11,4,16,24,46
11,4,16,47,25
11,4,16,53,15
11,4,16,55,46
11,4,16,56,5
11,4,17,3,55
11,4,17,22,49
11,4,17,24,37
11,4,17,31,11
11,4,17,35,36
11,4,17,41,27
11,4,18,37,0
11,4,19,8,22
11,4,19,16,22
11,4,20,27,59
11,5,6,25,33
11,5,7,37,25
11,5,7,41,1
11,5,7,41,18
11,5,7,41,52
11,5,7,44,5
11,5,7,47,1
11,5,7,47,37
11,5,7,47,42
11,5,7,48,32
11,5,7,49,39
11,5,7,50,18
11,5,7,51,53
11,5,7,51,53
11,5,7,52,3
11,5,7,52,33
11,5,7,52,52
11,5,7,53,31
11,5,7,54,29
11,5,7,54,34
11,5,7,54,39
11,5,7,54,56
11,5,7,55,10
11,5,7,55,32
11,5,7,55,37
11,5,7,55,40
11,5,7,55,40
11,5,7,55,47
11,5,7,56,0
11,5,7,56,43
11,5,7,57,5
11,5,7,57,13
11,5,7,57,15
11,5,7,57,23
11,5,7,57,29
11,5,7,57,38
11,5,7,58,18
11,5,7,58,20
11,5,7,58,28
11,5,7,58,30
11,5,7,58,33
11,5,7,58,38
11,5,7,58,41
11,5,7,58,43
11,5,7,59,2
11,5,7,59,45
11,5,8,0,1
11,5,8,0,45
11,5,8,0,58
11,5,8,1,17
11,5,8,1,22
11,5,8,1,51
11,5,8,2,11
11,5,8,2,44
11,5,8,3,4
11,5,8,3,7
11,5,8,3,40
11,5,8,3,45
11,5,8,4,9
11,5,8,4,15
11,5,8,4,18
11,5,8,4,20
11,5,8,4,23
11,5,8,4,27
11,5,8,4,44
11,5,8,4,53
11,5,8,5,1
11,5,8,5,27
11,5,8,5,33
11,5,8,5,35
11,5,8,6,7
11,5,8,6,24
11,5,8,6,34
11,5,8,6,36
11,5,8,6,39
11,5,8,7,19
11,5,8,7,22
11,5,8,7,40
11,5,8,7,59
11,5,8,8,0
11,5,8,8,2
11,5,8,8,18
11,5,8,8,27
11,5,8,8,31
11,5,8,8,37
11,5,8,9,9
11,5,8,9,37
11,5,8,9,47
11,5,8,9,54
11,5,8,10,27
11,5,8,10,30
11,5,8,10,31
11,5,8,10,35
11,5,8,10,49
11,5,8,11,3
11,5,8,11,28
11,5,8,11,45
11,5,8,11,47
11,5,8,11,53
11,5,8,11,55
11,5,8,12,23
11,5,8,12,25
11,5,8,12,57
11,5,8,13,5
11,5,8,13,7
11,5,8,13,13
11,5,8,13,17
11,5,8,13,19
11,5,8,13,40
11,5,8,14,9
11,5,8,14,31
11,5,8,15,36
11,5,8,15,47
11,5,8,17,27
11,5,8,19,45
11,5,8,19,55
11,5,8,19,57
11,5,8,21,18
11,5,8,22,44
11,5,8,23,17
11,5,8,23,22
11,5,8,26,19
11,5,8,29,11
11,5,8,32,55
11,5,8,33,13
11,5,8,41,36
11,5,8,50,23
11,5,8,54,3
11,5,8,57,20
11,5,9,1,47
11,5,9,1,50
11,5,9,7,43
11,5,9,8,40
11,5,9,18,37
11,5,9,23,0
11,5,9,23,9
11,5,9,25,20
11,5,9,26,38
11,5,9,26,44
11,5,9,30,34
11,5,9,33,26
11,5,9,36,8
11,5,9,37,17
11,5,9,37,36
11,5,9,39,0
11,5,9,39,2
11,5,9,39,58
11,5,9,45,6
11,5,9,45,40
11,5,9,49,31
11,5,9,53,26
11,5,9,53,38
11,5,9,53,45
11,5,9,54,1
11,5,9,54,36
11,5,9,54,41
11,5,9,54,45
11,5,9,55,10
11,5,9,55,16
11,5,9,57,41
11,5,9,58,5
11,5,9,58,12
11,5,9,59,31
11,5,10,2,31
11,5,10,3,36
11,5,10,4,28
11,5,10,4,44
11,5,10,7,26
11,5,10,9,20
11,5,10,17,17
11,5,10,19,22
11,5,10,19,48
11,5,10,19,50
11,5,10,33,23
11,5,10,42,4
11,5,10,50,2
11,5,10,51,0
11,5,10,52,49
11,5,10,54,1
11,5,10,54,21
11,5,10,56,0
11,5,11,3,25
11,5,11,4,15
11,5,11,8,14
11,5,11,8,19
11,5,11,12,38
11,5,11,12,40
11,5,11,14,1
11,5,11,14,3
11,5,11,21,4
11,5,11,24,24
11,5,11,29,59
11,5,11,36,56
11,5,11,39,11
11,5,11,41,57
11,5,11,42,31
11,5,11,43,13
11,5,11,45,18
11,5,11,45,18
11,5,11,51,25
11,5,11,51,27
11,5,11,53,24
11,5,11,54,53
11,5,11,55,40
11,5,11,57,47
11,5,11,57,59
11,5,11,58,23
11,5,11,59,43
11,5,12,0,36
11,5,12,0,56
11,5,12,2,17
11,5,12,2,19
11,5,12,2,35
11,5,12,2,50
11,5,12,2,52
11,5,12,4,26
11,5,12,4,31
11,5,12,4,36
11,5,12,5,4
11,5,12,5,22
11,5,12,5,58
11,5,12,6,8
11,5,12,6,9
11,5,12,7,1
11,5,12,7,8
11,5,12,7,12
11,5,12,7,16
11,5,12,9,56
11,5,12,10,43
11,5,12,13,30
11,5,12,13,33
11,5,12,13,36
11,5,12,13,52
11,5,12,15,3
11,5,12,15,13
11,5,12,18,6
11,5,12,18,12
11,5,12,18,13
11,5,12,19,52
11,5,12,21,53
11,5,12,21,56
11,5,12,24,5
11,5,12,26,31
11,5,12,34,5
11,5,12,35,24
11,5,12,39,23
11,5,12,43,22
11,5,12,43,58
11,5,12,48,4
11,5,12,51,26
11,5,12,53,16
11,5,12,53,19
11,5,12,53,21
11,5,12,54,0
11,5,12,58,2
11,5,13,2,52
11,5,13,2,56
11,5,13,2,58
11,5,13,3,0
11,5,13,6,0
11,5,13,6,55
11,5,13,12,4
11,5,13,29,19
11,5,13,29,58
11,5,13,35,35
11,5,13,35,43
11,5,13,40,39
11,5,13,40,54
11,5,13,43,8
11,5,13,47,23
11,5,13,49,40
11,5,13,50,38
11,5,13,52,44
11,5,13,52,46
11,5,13,53,11
11,5,13,55,9
11,5,13,55,48
11,5,13,55,53
11,5,13,57,14
11,5,13,57,15
11,5,14,0,22
11,5,14,0,53
11,5,14,1,22
11,5,14,1,55
11,5,14,2,30
11,5,14,12,55
11,5,14,15,22
11,5,14,36,49
11,5,14,37,5
11,5,14,37,31
11,5,14,37,57
11,5,14,44,23
11,5,14,49,16
11,5,14,50,25
11,5,14,51,37
11,5,15,4,12
11,5,15,13,28
11,5,15,24,21
11,5,15,28,8
11,5,15,33,58
11,5,15,48,30
11,5,15,48,34
11,5,15,49,35
11,5,15,49,56
11,5,15,50,14
11,5,15,51,34
11,5,15,53,51
11,5,15,56,48
11,5,15,58,4
11,5,15,58,11
11,5,16,0,32
11,5,16,1,14
11,5,16,3,7
11,5,16,4,35
11,5,16,6,54
11,5,16,15,58
11,5,16,24,22
11,5,16,46,30
11,5,17,20,9
11,5,17,59,54
11,5,17,59,55
11,5,17,59,57
11,5,18,0,13
11,5,18,5,38
11,5,18,5,41
11,5,18,7,45
11,5,18,7,48
11,5,18,11,5
11,5,18,11,12
11,5,18,13,20
11,5,18,24,8
11,5,20,29,12
11,5,20,29,14
11,5,20,47,30
11,5,22,6,33
11,5,22,17,39
11,5,22,36,46
11,5,23,53,20
11,6,0,49,4
11,6,7,32,44
11,6,7,35,28
11,6,7,35,53
11,6,7,36,32
11,6,7,36,49
11,6,7,37,3
11,6,7,37,5
11,6,7,37,15
11,6,7,37,28
11,6,7,37,38
11,6,7,40,17
11,6,7,40,45
11,6,7,41,19
11,6,7,41,46
11,6,7,41,48
11,6,7,41,51
11,6,7,42,4
11,6,7,43,18
11,6,7,43,41
11,6,7,43,53
11,6,7,45,3
11,6,7,45,6
11,6,7,46,2
11,6,7,48,15
11,6,7,48,49
11,6,7,48,52
11,6,7,49,20
11,6,7,50,20
11,6,7,50,47
11,6,7,50,59
11,6,7,51,16
11,6,7,51,19
11,6,7,51,30
11,6,7,51,50
11,6,7,52,19
11,6,7,53,25
11,6,7,53,28
11,6,7,53,35
11,6,7,53,38
11,6,7,54,22
11,6,7,56,1
11,6,7,56,13
11,6,7,56,35
11,6,7,57,6
11,6,7,57,9
11,6,7,57,41
11,6,7,57,44
11,6,7,57,49
11,6,7,57,56
11,6,7,58,31
11,6,7,58,56
11,6,7,59,4
11,6,7,59,7
11,6,8,0,6
11,6,8,0,49
11,6,8,0,58
11,6,8,0,58
11,6,8,1,16
11,6,8,1,31
11,6,8,1,46
11,6,8,2,1
11,6,8,2,7
11,6,8,2,25
11,6,8,2,36
11,6,8,2,40
11,6,8,2,50
11,6,8,3,8
11,6,8,3,8
11,6,8,3,30
11,6,8,3,34
11,6,8,3,45
11,6,8,3,53
11,6,8,3,55
11,6,8,4,3
11,6,8,4,8
11,6,8,4,12
11,6,8,4,25
11,6,8,4,29
11,6,8,4,44
11,6,8,4,46
11,6,8,5,6
11,6,8,5,10
11,6,8,5,53
11,6,8,5,55
11,6,8,6,17
11,6,8,6,41
11,6,8,6,49
11,6,8,6,53
11,6,8,7,4
11,6,8,7,20
11,6,8,7,23
11,6,8,7,27
11,6,8,7,43
11,6,8,8,0
11,6,8,8,15
11,6,8,8,27
11,6,8,8,30
11,6,8,8,48
11,6,8,8,50
11,6,8,8,55
11,6,8,8,57
11,6,8,9,9
11,6,8,9,30
11,6,8,9,47
11,6,8,9,50
11,6,8,9,58
11,6,8,10,11
11,6,8,10,20
11,6,8,10,23
11,6,8,10,45
11,6,8,10,47
11,6,8,11,51
11,6,8,11,55
11,6,8,12,51
11,6,8,12,58
11,6,8,13,7
11,6,8,13,18
11,6,8,13,20
11,6,8,13,40
11,6,8,13,56
11,6,8,14,10
11,6,8,14,13
11,6,8,14,32
11,6,8,14,36
11,6,8,15,16
11,6,8,15,50
11,6,8,15,52
11,6,8,16,40
11,6,8,19,8
11,6,8,20,39
11,6,8,21,11
11,6,8,21,30
11,6,8,21,33
11,6,8,22,5
11,6,8,22,23
11,6,8,23,45
11,6,8,24,8
11,6,8,24,16
11,6,8,25,0
11,6,8,27,38
11,6,8,28,43
11,6,8,29,42
11,6,8,29,44
11,6,8,31,29
11,6,8,32,29
11,6,8,33,31
11,6,8,35,8
11,6,8,35,55
11,6,8,40,54
11,6,8,45,5
11,6,8,45,24
11,6,8,45,55
11,6,8,46,17
11,6,8,47,31
11,6,8,48,58
11,6,8,49,1
11,6,8,49,3
11,6,8,54,20
11,6,8,54,23
11,6,8,56,21
11,6,8,56,31
11,6,8,58,14
11,6,9,1,19
11,6,9,2,10
11,6,9,3,21
11,6,9,4,8
11,6,9,4,22
11,6,9,5,26
11,6,9,6,0
11,6,9,7,22
11,6,9,8,4
11,6,9,9,33
11,6,9,9,40
11,6,9,17,27
11,6,9,27,41
11,6,9,30,38
11,6,9,35,17
11,6,9,42,29
11,6,9,42,35
11,6,9,47,14
11,6,9,47,16
11,6,9,47,48
11,6,9,47,50
11,6,9,49,0
11,6,9,49,10
11,6,9,58,28
11,6,10,2,10
11,6,10,2,12
11,6,10,2,16
11,6,10,4,48
11,6,10,5,44
11,6,10,5,49
11,6,10,5,52
11,6,10,7,55
11,6,10,9,1
11,6,10,9,4
11,6,10,9,23
11,6,10,10,19
11,6,10,11,42
11,6,10,15,52
11,6,10,18,44
11,6,10,25,51
11,6,10,43,48
11,6,10,49,35
11,6,10,49,37
11,6,10,54,31
11,6,11,1,23
11,6,11,1,23
11,6,11,1,23
11,6,11,1,23
11,6,11,2,15
11,6,11,2,17
11,6,11,8,47
11,6,11,19,11
11,6,11,21,37
11,6,11,25,54
11,6,11,28,13
11,6,11,29,3
11,6,11,30,22
11,6,11,30,28
11,6,11,34,41
11,6,11,37,38
11,6,11,40,50
11,6,11,41,16
11,6,11,41,18
11,6,11,41,27
11,6,11,42,9
11,6,11,43,18
11,6,11,43,22
11,6,11,44,34
11,6,11,44,37
11,6,11,44,44
11,6,11,46,47
11,6,11,46,49
11,6,11,48,56
11,6,11,50,24
11,6,11,50,27
11,6,11,52,32
11,6,11,52,34
11,6,11,52,48
11,6,11,52,52
11,6,11,52,57
11,6,11,54,6
11,6,11,54,41
11,6,11,54,46
11,6,11,54,58
11,6,11,55,0
11,6,11,55,3
11,6,11,56,19
11,6,11,56,31
11,6,11,56,58
11,6,11,57,8
11,6,11,57,24
11,6,11,57,48
11,6,11,58,14
11,6,11,58,16
11,6,11,59,5
11,6,11,59,18
11,6,11,59,55
11,6,11,59,58
11,6,11,59,58
11,6,12,0,27
11,6,12,1,2
11,6,12,1,13
11,6,12,2,17
11,6,12,2,35
11,6,12,3,12
11,6,12,4,15
11,6,12,4,27
11,6,12,4,34
11,6,12,4,39
11,6,12,4,42
11,6,12,5,29
11,6,12,5,31
11,6,12,5,34
11,6,12,5,45
11,6,12,6,2
11,6,12,6,4
11,6,12,6,6
11,6,12,6,8
11,6,12,7,9
11,6,12,7,41
11,6,12,7,45
11,6,12,7,48
11,6,12,7,55
11,6,12,9,22
11,6,12,10,27
11,6,12,10,33
11,6,12,11,3
11,6,12,11,48
11,6,12,12,57
11,6,12,13,17
11,6,12,17,30
11,6,12,22,55
11,6,12,23,20
11,6,12,24,29
11,6,12,26,53
11,6,12,28,9
11,6,12,28,11
11,6,12,36,48
11,6,12,42,45
11,6,12,50,21
11,6,12,50,34
11,6,12,55,24
11,6,12,55,47
11,6,12,55,50
11,6,12,56,35
11,6,12,56,51
11,6,12,57,56
11,6,13,2,24
11,6,13,2,55
11,6,13,13,38
11,6,13,18,4
11,6,13,20,39
11,6,13,23,46
11,6,13,28,48
11,6,13,32,56
11,6,13,34,7
11,6,13,46,30
11,6,13,46,33
11,6,13,49,14
11,6,13,52,23
11,6,13,53,14
11,6,13,54,19
11,6,13,54,23
11,6,13,54,51
11,6,13,55,28
11,6,13,55,32
11,6,13,55,35
11,6,14,0,32
11,6,14,0,34
11,6,14,1,35
11,6,14,2,12
11,6,14,2,24
11,6,14,2,35
11,6,14,4,0
11,6,14,5,34
11,6,14,5,36
11,6,14,6,45
11,6,14,7,50
11,6,14,8,17
11,6,14,8,53
11,6,14,8,55
11,6,14,9,4
11,6,14,10,30
11,6,14,14,2
11,6,14,14,11
11,6,14,16,15
11,6,14,18,29
11,6,14,27,2
11,6,14,28,37
11,6,14,28,40
11,6,14,36,56
11,6,14,37,0
11,6,14,43,11
11,6,14,43,57
11,6,14,52,0
11,6,14,54,5
11,6,15,1,8
11,6,15,11,13
11,6,15,11,36
11,6,15,11,49
11,6,15,13,36
11,6,15,13,41
11,6,15,21,13
11,6,15,21,43
11,6,15,22,12
11,6,15,33,36
11,6,15,45,6
11,6,15,45,8
11,6,15,45,18
11,6,15,45,18
11,6,15,48,2
11,6,15,48,4
11,6,15,53,52
11,6,15,56,19
11,6,15,56,28
11,6,15,56,31
11,6,15,57,27
11,6,15,59,22
11,6,16,1,17
11,6,16,2,30
11,6,16,3,48
11,6,16,12,25
11,6,16,14,10
11,6,16,32,36
11,6,16,33,8
11,6,16,34,2
11,6,16,35,19
11,6,16,42,31
11,6,16,47,49
11,6,16,49,55
11,6,17,22,1
11,6,17,22,6
11,6,17,22,14
11,6,18,6,25
11,7,7,41,10
11,7,7,41,33
11,7,7,42,50
11,7,7,42,56
11,7,7,42,59
11,7,7,44,33
11,7,7,44,35
11,7,7,44,37
11,7,7,44,40
11,7,7,44,52
11,7,7,53,44
11,7,7,55,26
11,7,7,55,27
11,7,7,55,30
11,7,7,55,33
11,7,13,9,22
11,7,13,13,22
11,7,16,43,6
11,7,22,0,56
11,8,0,1,32
11,8,13,48,25
11,8,15,29,8
11,9,4,17,4
11,9,5,12,58
11,9,5,43,17
11,9,5,58,50
11,9,6,6,18
11,9,7,33,32
11,9,7,38,50
11,9,7,38,53
11,9,7,44,11
11,9,7,44,51
11,9,7,45,9
11,9,7,46,56
11,9,7,47,4
11,9,7,47,34
11,9,7,49,17
11,9,7,49,38
11,9,7,49,41
11,9,7,49,43
11,9,7,49,43
11,9,7,50,9
11,9,7,50,23
11,9,7,51,50
11,9,7,52,23
11,9,7,52,29
11,9,7,52,31
11,9,7,52,33
11,9,7,52,42
11,9,7,53,10
11,9,7,53,28
11,9,7,53,48
11,9,7,54,15
11,9,7,54,27
11,9,7,54,41
11,9,7,54,56
11,9,7,55,57
11,9,7,56,2
11,9,7,56,52
11,9,7,57,8
11,9,7,57,25
11,9,7,57,27
11,9,7,57,44
11,9,7,58,27
11,9,7,58,37
11,9,7,59,13
11,9,7,59,34
11,9,7,59,47
11,9,8,0,3
11,9,8,0,5
11,9,8,0,27
11,9,8,0,38
11,9,8,0,42
11,9,8,0,58
11,9,8,1,26
11,9,8,1,58
11,9,8,2,29
11,9,8,2,35
11,9,8,2,47
11,9,8,3,19
11,9,8,3,34
11,9,8,3,46
11,9,8,4,21
11,9,8,4,31
11,9,8,4,33
11,9,8,4,51
11,9,8,5,13
11,9,8,5,16
11,9,8,5,18
11,9,8,5,50
11,9,8,5,53
11,9,8,5,55
11,9,8,7,9
11,9,8,7,12
11,9,8,7,19
11,9,8,7,27
11,9,8,7,46
11,9,8,8,5
11,9,8,8,10
11,9,8,8,12
11,9,8,8,16
11,9,8,8,27
11,9,8,8,29
11,9,8,8,37
11,9,8,8,47
11,9,8,8,49
11,9,8,9,5
11,9,8,9,7
11,9,8,9,13
11,9,8,9,38
11,9,8,10,24
11,9,8,10,36
11,9,8,11,1
11,9,8,11,3
11,9,8,11,17
11,9,8,11,45
11,9,8,12,0
11,9,8,12,8
11,9,8,12,21
11,9,8,12,26
11,9,8,12,28
11,9,8,12,40
11,9,8,12,59
11,9,8,13,3
11,9,8,13,6
11,9,8,13,38
11,9,8,14,22
11,9,8,14,22
11,9,8,16,6
11,9,8,16,46
11,9,8,16,58
11,9,8,17,53
11,9,8,19,54
11,9,8,20,7
11,9,8,20,38
11,9,8,21,40
11,9,8,21,44
11,9,8,23,25
11,9,8,23,40
11,9,8,30,33
11,9,8,32,42
11,9,8,37,46
11,9,8,43,27
11,9,8,44,13
11,9,8,45,45
11,9,8,47,26
11,9,8,48,5
11,9,8,51,44
11,9,8,58,9
11,9,8,58,43
11,9,8,59,30
11,9,9,0,14
11,9,9,0,52
11,9,9,2,11
11,9,9,3,28
11,9,9,4,19
11,9,9,5,58
11,9,9,6,56
11,9,9,7,29
11,9,9,8,50
11,9,9,9,26
11,9,9,10,14
11,9,9,11,1
11,9,9,11,29
11,9,9,11,37
11,9,9,15,13
11,9,9,16,44
11,9,9,17,45
11,9,9,24,59
11,9,9,26,25
11,9,9,28,20
11,9,9,51,24
11,9,9,52,38
11,9,9,53,7
11,9,9,53,22
11,9,9,56,41
11,9,9,58,58
11,9,9,59,13
11,9,9,59,54
11,9,9,59,56
11,9,10,0,20
11,9,10,0,24
11,9,10,0,51
11,9,10,3,36
11,9,10,3,52
11,9,10,4,1
11,9,10,5,29
11,9,10,5,31
11,9,10,7,5
11,9,10,8,54
11,9,10,9,11
11,9,10,9,52
11,9,10,10,10
11,9,10,10,12
11,9,10,10,15
11,9,10,11,40
11,9,10,12,37
11,9,10,12,39
11,9,10,12,41
11,9,10,12,43
11,9,10,14,50
11,9,10,16,19
11,9,10,16,38
11,9,10,17,48
11,9,10,22,58
11,9,10,23,2
11,9,10,23,13
11,9,10,35,4
11,9,10,35,6
11,9,10,35,7
11,9,10,36,22
11,9,10,46,47
11,9,10,47,13
11,9,10,50,10
11,9,10,51,38
11,9,10,55,23
11,9,10,56,31
11,9,10,56,35
11,9,10,56,47
11,9,10,57,12
11,9,10,58,10
11,9,10,59,43
11,9,11,0,36
11,9,11,2,3
11,9,11,2,28
11,9,11,2,32
11,9,11,2,42
11,9,11,4,18
11,9,11,7,11
11,9,11,8,7
11,9,11,10,4
11,9,11,13,54
11,9,11,14,31
11,9,11,15,30
11,9,11,16,56
11,9,11,21,11
11,9,11,23,47
11,9,11,41,7
11,9,11,43,17
11,9,11,43,28
11,9,11,44,37
11,9,11,48,27
11,9,11,48,40
11,9,11,49,12
11,9,11,50,28
11,9,11,52,58
11,9,11,53,6
11,9,11,53,8
11,9,11,53,13
11,9,11,53,21
11,9,11,53,47
11,9,11,53,52
11,9,11,53,54
11,9,11,53,58
11,9,11,54,0
11,9,11,54,2
11,9,11,54,5
11,9,11,54,7
11,9,11,54,17
11,9,11,54,19
11,9,11,56,6
11,9,11,56,14
11,9,11,56,36
11,9,11,56,50
11,9,11,56,53
11,9,11,57,19
11,9,11,57,47
11,9,11,57,57
11,9,11,58,36
11,9,11,58,38
11,9,11,58,41
11,9,11,58,43
11,9,11,58,51
11,9,11,59,2
11,9,11,59,7
11,9,11,59,11
11,9,11,59,19
11,9,12,0,27
11,9,12,0,35
11,9,12,1,34
11,9,12,2,0
11,9,12,2,3
11,9,12,2,46
11,9,12,2,58
11,9,12,3,0
11,9,12,3,21
11,9,12,3,41
11,9,12,4,12
11,9,12,4,58
11,9,12,5,11
11,9,12,5,20
11,9,12,5,34
11,9,12,6,3
11,9,12,6,9
11,9,12,6,31
11,9,12,6,33
11,9,12,7,48
11,9,12,8,34
11,9,12,10,9
11,9,12,10,15
11,9,12,11,37
11,9,12,12,4
11,9,12,13,57
11,9,12,14,1
11,9,12,14,24
11,9,12,14,38
11,9,12,16,38
11,9,12,16,43
11,9,12,16,52
11,9,12,16,56
11,9,12,17,38
11,9,12,19,34
11,9,12,22,11
11,9,12,25,36
11,9,12,25,59
11,9,12,27,31
11,9,12,27,54
11,9,12,31,21
11,9,12,33,26
11,9,12,36,28
11,9,12,45,21
11,9,12,52,35
11,9,13,5,13
11,9,13,7,14
11,9,13,7,59
11,9,13,11,3
11,9,13,12,16
11,9,13,13,34
11,9,13,14,47
11,9,13,16,34
11,9,13,27,38
11,9,13,29,26
11,9,13,33,12
11,9,13,41,48
11,9,13,43,17
11,9,13,47,40
11,9,13,50,22
11,9,13,51,58
11,9,13,52,42
11,9,13,53,15
11,9,13,56,35
11,9,13,57,26
11,9,13,57,45
11,9,13,58,22
11,9,13,58,31
11,9,13,58,44
11,9,13,58,47
11,9,13,59,20
11,9,13,59,46
11,9,14,1,27
11,9,14,2,35
11,9,14,3,31
11,9,14,3,50
11,9,14,4,28
11,9,14,5,10
11,9,14,5,12
11,9,14,6,3
11,9,14,6,6
11,9,14,6,9
11,9,14,6,53
11,9,14,9,52
11,9,14,9,55
11,9,14,11,17
11,9,14,11,22
11,9,14,13,15
11,9,14,13,17
11,9,14,14,11
11,9,14,19,4
11,9,14,24,25
11,9,14,24,27
11,9,14,24,31
11,9,14,25,28
11,9,14,27,51
11,9,14,27,55
11,9,14,33,18
11,9,14,41,52
11,9,14,41,59
11,9,14,43,0
11,9,14,53,25
11,9,15,4,21
11,9,15,6,16
11,9,15,6,16
11,9,15,6,17
11,9,15,6,18
11,9,15,6,18
11,9,15,6,21
11,9,15,6,25
11,9,15,6,27
11,9,15,6,29
11,9,15,8,41
11,9,15,13,45
11,9,15,16,2
11,9,15,16,48
11,9,15,17,10
11,9,15,17,12
11,9,15,17,14
11,9,15,19,50
11,9,15,21,45
11,9,15,26,37
11,9,15,27,30
11,9,15,29,46
11,9,15,31,30
11,9,15,34,6
11,9,15,37,44
11,9,15,37,48
11,9,15,46,29
11,9,15,47,21
11,9,15,47,27
11,9,15,53,14
11,9,15,53,36
11,9,15,55,5
11,9,15,55,14
11,9,15,55,28
11,9,15,57,31
11,9,15,58,2
11,9,16,2,12
11,9,16,2,57
11,9,16,6,10
11,9,16,6,53
11,9,16,7,38
11,9,16,8,49
11,9,16,8,58
11,9,16,10,23
11,9,16,10,45
11,9,16,21,17
11,9,16,21,21
11,9,16,40,55
11,9,16,42,57
11,9,16,42,59
11,9,16,45,51
11,9,16,45,55
11,9,16,55,45
11,9,17,2,50
11,9,17,4,45
11,9,17,21,55
11,9,17,47,37
11,9,18,10,57
11,9,18,17,5
11,9,18,17,7
11,9,18,24,34
11,9,20,37,34
11,10,6,22,51
11,10,6,43,46
11,10,6,44,22
11,10,6,45,24
11,10,6,51,33
11,10,6,51,37
11,10,7,39,15
11,10,7,39,30
11,10,7,39,33
11,10,7,42,36
11,10,7,43,50
11,10,7,43,54
11,10,7,44,30
11,10,7,44,36
11,10,7,44,57
11,10,7,45,5
11,10,7,45,5
11,10,7,45,51
11,10,7,45,56
11,10,7,48,3
11,10,7,48,7
11,10,7,50,28
11,10,7,50,39
11,10,7,50,42
11,10,7,50,50
11,10,7,50,58
11,10,7,51,1
11,10,7,51,11
11,10,7,52,10
11,10,7,52,10
11,10,7,52,13
11,10,7,52,30
11,10,7,52,34
11,10,7,52,36
11,10,7,52,51
11,10,7,53,45
11,10,7,54,58
11,10,7,55,38
11,10,7,55,48
11,10,7,55,57
11,10,7,56,5
11,10,7,56,8
11,10,7,56,18
11,10,7,56,20
11,10,7,56,32
11,10,7,56,38
11,10,7,57,15
11,10,7,58,25
11,10,7,59,19
11,10,7,59,42
11,10,7,59,54
11,10,8,0,21
11,10,8,0,35
11,10,8,0,39
11,10,8,0,59
11,10,8,1,2
11,10,8,1,39
11,10,8,1,55
11,10,8,2,48
11,10,8,3,6
11,10,8,3,12
11,10,8,3,20
11,10,8,3,26
11,10,8,3,42
11,10,8,4,4
11,10,8,4,6
11,10,8,4,11
11,10,8,5,16
11,10,8,5,23
11,10,8,5,35
11,10,8,5,42
11,10,8,5,53
11,10,8,5,56
11,10,8,5,58
11,10,8,6,1
11,10,8,6,16
11,10,8,7,18
11,10,8,7,59
11,10,8,8,5
11,10,8,8,11
11,10,8,8,24
11,10,8,9,5
11,10,8,9,13
11,10,8,9,25
11,10,8,9,28
11,10,8,9,33
11,10,8,9,35
11,10,8,10,9
11,10,8,10,10
11,10,8,10,26
11,10,8,10,33
11,10,8,10,40
11,10,8,11,10
11,10,8,11,17
11,10,8,11,40
11,10,8,11,48
11,10,8,11,58
11,10,8,12,4
11,10,8,12,32
11,10,8,12,56
11,10,8,13,55
11,10,8,14,6
11,10,8,14,26
11,10,8,17,22
11,10,8,17,40
11,10,8,17,56
11,10,8,18,16
11,10,8,22,25
11,10,8,24,47
11,10,8,27,49
11,10,8,30,0
11,10,8,32,40
11,10,8,35,48
11,10,8,37,37
11,10,8,41,24
11,10,8,46,12
11,10,8,51,9
11,10,8,54,45
11,10,8,55,30
11,10,8,57,59
11,10,8,58,41
11,10,8,58,46
11,10,9,3,24
11,10,9,4,40
11,10,9,5,46
11,10,9,5,59
11,10,9,6,41
11,10,9,7,22
11,10,9,9,6
11,10,9,9,8
11,10,9,9,10
11,10,9,9,18
11,10,9,16,44
11,10,9,16,46
11,10,9,17,40
11,10,9,20,58
11,10,9,29,1
11,10,9,38,18
11,10,9,39,52
11,10,9,39,55
11,10,9,42,57
11,10,9,44,49
11,10,9,44,51
11,10,9,44,51
11,10,9,44,53
11,10,9,51,3
11,10,9,52,9
11,10,9,52,57
11,10,9,55,0
11,10,9,56,19
11,10,9,56,21
11,10,9,56,24
11,10,9,56,27
11,10,9,58,41
11,10,9,59,18
11,10,9,59,44
11,10,10,1,0
11,10,10,1,12
11,10,10,2,15
11,10,10,3,27
11,10,10,5,21
11,10,10,6,20
11,10,10,6,33
11,10,10,6,35
11,10,10,6,58
11,10,10,9,38
11,10,10,10,27
11,10,10,11,25
11,10,10,12,30
11,10,10,20,49
11,10,10,21,29
11,10,10,27,29
11,10,10,27,35
11,10,10,34,51
11,10,10,38,23
11,10,10,39,2
11,10,10,44,2
11,10,10,54,26
11,10,10,57,59
11,10,11,2,29
11,10,11,7,31
11,10,11,14,42
11,10,11,14,43
11,10,11,16,44
11,10,11,32,13
11,10,11,32,31
11,10,11,44,44
11,10,11,44,47
11,10,11,47,19
11,10,11,49,48
11,10,11,50,43
11,10,11,51,32
11,10,11,53,24
11,10,11,53,38
11,10,11,53,45
11,10,11,53,53
11,10,11,54,12
11,10,11,55,55
11,10,11,55,57
11,10,11,56,56
11,10,11,57,15
11,10,11,57,17
11,10,11,57,22
11,10,11,57,46
11,10,11,58,13
11,10,11,58,39
11,10,11,58,42
11,10,11,58,46
11,10,11,58,48
11,10,11,59,32
11,10,12,0,36
11,10,12,0,39
11,10,12,1,47
11,10,12,2,24
11,10,12,4,5
11,10,12,4,11
11,10,12,4,27
11,10,12,6,27
11,10,12,6,41
11,10,12,7,3
11,10,12,8,21
11,10,12,9,25
11,10,12,10,1
11,10,12,10,6
11,10,12,10,38
11,10,12,10,45
11,10,12,13,25
11,10,12,15,9
11,10,12,16,4
11,10,12,16,36
11,10,12,16,58
11,10,12,18,46
11,10,12,19,54
11,10,12,20,7
11,10,12,23,12
11,10,12,23,44
11,10,12,23,51
11,10,12,23,55
11,10,12,23,57
11,10,12,26,12
11,10,12,27,51
11,10,12,29,31
11,10,12,29,55
11,10,12,30,54
11,10,12,33,51
11,10,12,33,53
11,10,12,36,47
11,10,12,37,51
11,10,12,44,37
11,10,12,48,40
11,10,12,51,18
11,10,12,54,18
11,10,13,0,27
11,10,13,5,23
11,10,13,5,27
11,10,13,10,37
11,10,13,11,39
11,10,13,11,49
11,10,13,13,12
11,10,13,43,58
11,10,13,44,32
11,10,13,45,27
11,10,13,51,8
11,10,13,55,49
11,10,13,59,34
11,10,13,59,47
11,10,14,0,26
11,10,14,0,44
11,10,14,1,41
11,10,14,2,34
11,10,14,2,47
11,10,14,3,10
11,10,14,9,23
11,10,14,9,26
11,10,14,11,19
11,10,14,11,20
11,10,14,14,55
11,10,14,15,29
11,10,14,32,28
11,10,14,42,37
11,10,14,43,59
11,10,14,51,2
11,10,14,56,14
11,10,14,58,0
11,10,14,59,48
11,10,15,28,11
11,10,15,31,58
11,10,15,33,10
11,10,15,33,12
11,10,15,36,16
11,10,15,36,31
11,10,15,43,15
11,10,15,46,1
11,10,15,48,15
11,10,15,52,5
11,10,15,52,13
11,10,15,52,26
11,10,15,52,43
11,10,15,54,26
11,10,15,54,28
11,10,15,54,31
11,10,15,54,56
11,10,15,55,1
11,10,15,55,1
11,10,15,58,16
11,10,16,0,28
11,10,16,2,8
11,10,16,2,28
11,10,16,3,31
11,10,16,5,30
11,10,16,7,4
11,10,16,9,45
11,10,16,25,28
11,10,16,25,30
11,10,16,46,42
11,10,16,46,44
11,10,17,4,14
11,10,17,4,17
11,10,17,31,52
11,10,17,51,9
11,10,17,52,1
11,10,17,58,58
11,10,17,59,0
11,10,18,1,47
11,10,18,35,28
11,10,19,1,40
11,10,19,32,24
11,10,19,34,5
11,10,19,49,33
11,10,19,57,29
11,10,20,4,17
11,10,20,6,53
11,10,20,20,56
11,10,20,21,4
11,11,1,5,51
11,11,7,36,35
11,11,7,41,59
11,11,7,42,28
11,11,7,42,31
11,11,7,42,37
11,11,7,42,40
11,11,7,44,55
11,11,7,44,59
11,11,7,45,59
11,11,7,46,28
11,11,7,48,1
11,11,7,50,14
11,11,7,51,23
11,11,7,51,46
11,11,7,52,50
11,11,7,52,53
11,11,7,54,17
11,11,7,54,22
11,11,7,55,45
11,11,7,56,3
11,11,7,56,10
11,11,7,56,15
11,11,7,56,17
11,11,7,57,30
11,11,7,57,45
11,11,7,58,29
11,11,7,58,37
11,11,7,58,55
11,11,7,59,0
11,11,7,59,59
11,11,8,0,1
11,11,8,0,43
11,11,8,1,5
11,11,8,1,20
11,11,8,1,26
11,11,8,1,36
11,11,8,1,59
11,11,8,2,6
11,11,8,2,23
11,11,8,3,34
11,11,8,4,1
11,11,8,4,12
11,11,8,4,28
11,11,8,6,4
11,11,8,6,25
11,11,8,6,27
11,11,8,6,48
11,11,8,7,16
11,11,8,7,35
11,11,8,7,50
11,11,8,7,57
11,11,8,8,10
11,11,8,8,23
11,11,8,8,27
11,11,8,8,29
11,11,8,8,32
11,11,8,8,52
11,11,8,9,38
11,11,8,9,41
11,11,8,10,5
11,11,8,10,18
11,11,8,10,23
11,11,8,10,47
11,11,8,10,52
11,11,8,10,59
11,11,8,11,9
11,11,8,11,28
11,11,8,11,56
11,11,8,12,0
11,11,8,12,4
11,11,8,12,19
11,11,8,12,22
11,11,8,12,45
11,11,8,12,52
11,11,8,13,0
11,11,8,13,32
11,11,8,13,54
11,11,8,14,15
11,11,8,14,36
11,11,8,14,57
11,11,8,15,29
11,11,8,16,32
11,11,8,17,5
11,11,8,17,16
11,11,8,17,38
11,11,8,17,43
11,11,8,18,31
11,11,8,19,2
11,11,8,19,51
11,11,8,20,7
11,11,8,23,14
11,11,8,25,0
11,11,8,25,3
11,11,8,29,15
11,11,8,33,51
11,11,8,34,27
11,11,8,40,31
11,11,8,42,27
11,11,8,58,19
11,11,9,5,18
11,11,9,5,47
11,11,9,7,13
11,11,9,7,36
11,11,9,7,38
11,11,9,8,56
11,11,9,8,59
11,11,9,10,12
11,11,9,11,52
11,11,9,23,15
11,11,9,25,30
11,11,9,26,6
11,11,9,33,34
11,11,9,34,29
11,11,9,36,20
11,11,9,45,4
11,11,9,49,40
11,11,9,54,52
11,11,9,55,5
11,11,9,55,23
11,11,9,55,46
11,11,9,55,57
11,11,9,56,31
11,11,9,56,35
11,11,9,56,53
11,11,9,59,6
11,11,9,59,17
11,11,9,59,54
11,11,10,0,29
11,11,10,0,56
11,11,10,2,43
11,11,10,2,47
11,11,10,3,11
11,11,10,3,33
11,11,10,3,47
11,11,10,6,29
11,11,10,7,17
11,11,10,7,48
11,11,10,8,0
11,11,10,8,4
11,11,10,10,39
11,11,10,11,20
11,11,10,11,37
11,11,10,12,28
11,11,10,12,59
11,11,10,13,18
11,11,10,13,47
11,11,10,15,57
11,11,10,16,10
11,11,10,21,34
11,11,10,28,32
11,11,10,39,13
11,11,10,42,38
11,11,10,53,53
11,11,10,54,13
11,11,10,58,15
11,11,11,1,35
11,11,11,9,15
11,11,11,26,59
11,11,11,27,51
11,11,11,33,15
11,11,11,33,55
11,11,11,37,56
11,11,11,37,57
11,11,11,39,37
11,11,11,40,1
11,11,11,45,56
11,11,11,46,57
11,11,11,48,47
11,11,11,50,13
11,11,11,51,1
11,11,11,52,58
11,11,11,53,19
11,11,11,54,54
11,11,11,55,2
11,11,11,55,2
11,11,11,55,27
11,11,11,57,57
11,11,11,58,5
11,11,11,58,8
11,11,12,0,11
11,11,12,0,58
11,11,12,1,16
11,11,12,1,18
11,11,12,1,22
11,11,12,1,37
11,11,12,2,0
11,11,12,3,0
11,11,12,3,48
11,11,12,3,57
11,11,12,4,13
11,11,12,5,55
11,11,12,5,58
11,11,12,6,18
11,11,12,8,2
11,11,12,8,2
11,11,12,11,10
11,11,12,11,16
11,11,12,11,20
11,11,12,11,21
11,11,12,11,24
11,11,12,11,46
11,11,12,13,48
11,11,12,14,13
11,11,12,15,40
11,11,12,15,58
11,11,12,19,38
11,11,12,20,55
11,11,12,29,24
11,11,12,30,11
11,11,12,32,1
11,11,12,39,7
11,11,12,41,13
11,11,12,42,51
11,11,12,50,32
11,11,12,55,21
11,11,12,56,59
11,11,12,59,59
11,11,13,6,21
11,11,13,7,7
11,11,13,21,12
11,11,13,21,17
11,11,13,22,27
11,11,13,29,26
11,11,13,36,5
11,11,13,36,7
11,11,13,43,26
11,11,13,43,27
11,11,13,51,35
11,11,13,51,37
11,11,13,54,23
11,11,13,54,25
11,11,13,55,16
11,11,13,55,18
11,11,13,55,20
11,11,13,56,4
11,11,13,57,2
11,11,13,58,3
11,11,13,58,41
11,11,14,2,15
11,11,14,2,53
11,11,14,3,5
11,11,14,3,30
11,11,14,4,13
11,11,14,7,39
11,11,14,7,46
11,11,14,8,48
11,11,14,9,42
11,11,14,16,44
11,11,14,39,43
11,11,14,39,49
11,11,14,39,52
11,11,14,42,41
11,11,14,46,25
11,11,14,46,28
11,11,14,49,43
11,11,14,51,36
11,11,14,52,20
11,11,14,56,29
11,11,15,0,22
11,11,15,0,51
11,11,15,3,27
11,11,15,3,43
11,11,15,7,28
11,11,15,10,24
11,11,15,10,29
11,11,15,15,19
11,11,15,17,26
11,11,15,18,40
11,11,15,18,43
11,11,15,28,57
11,11,15,29,16
11,11,15,29,56
11,11,15,40,11
11,11,15,43,36
11,11,15,46,25
11,11,15,49,22
11,11,15,59,15
11,11,16,3,16
11,11,16,35,22
11,11,16,38,55
11,11,16,41,10
11,11,16,43,8
11,11,16,56,33
11,11,17,25,25
11,11,17,26,11
11,11,17,32,37
11,11,17,32,43
11,11,17,32,54
11,11,17,45,21
11,11,17,45,24
11,11,17,45,26
11,11,17,45,31
11,11,17,47,13
11,11,17,48,49
11,11,17,50,13
11,11,17,50,19
11,11,17,50,22
11,11,17,50,39
11,11,17,52,21
11,11,17,52,24
11,11,17,53,52
11,11,17,55,55
11,11,17,55,59
11,11,17,56,0
11,11,17,56,2
11,11,17,56,37
11,11,17,56,41
11,11,17,58,3
11,11,17,58,7
11,11,17,58,12
11,11,17,59,32
11,11,17,59,38
11,11,17,59,51
11,11,18,0,35
11,11,18,0,38
11,11,18,1,32
11,11,18,3,30
11,11,18,3,32
11,11,18,3,38
11,11,18,3,42
11,11,18,3,46
11,11,18,3,55
11,11,18,4,53
11,11,18,6,42
11,11,18,7,30
11,11,18,7,46
11,11,18,7,48
11,11,18,8,54
11,11,18,9,1
11,11,18,9,29
11,11,18,11,20
11,11,18,12,30
11,11,18,18,27
11,11,18,21,58
11,11,18,45,6
11,11,19,10,37
11,11,20,5,21
11,11,20,6,30
11,11,20,6,53
11,11,20,12,22
11,11,20,12,25
11,11,20,12,27
11,11,20,12,29
11,11,20,12,31
11,11,20,17,43
11,12,6,11,23
11,12,7,31,2
11,12,7,36,51
11,12,7,41,10
11,12,7,43,32
11,12,7,45,49
11,12,7,47,39
11,12,7,47,52
11,12,7,48,3
11,12,7,48,59
11,12,7,49,16
11,12,7,49,42
11,12,7,49,46
11,12,7,50,38
11,12,7,50,58
11,12,7,51,8
11,12,7,51,36
11,12,7,51,50
11,12,7,52,38
11,12,7,53,4
11,12,7,54,31
11,12,7,55,28
11,12,7,55,43
11,12,7,56,15
11,12,7,56,37
11,12,7,56,59
11,12,7,57,18
11,12,7,57,21
11,12,7,57,24
11,12,7,57,26
11,12,7,57,36
11,12,7,57,43
11,12,7,58,43
11,12,7,59,0
11,12,7,59,3
11,12,7,59,37
11,12,7,59,43
11,12,7,59,46
11,12,7,59,57
11,12,8,0,6
11,12,8,0,12
11,12,8,0,38
11,12,8,1,29
11,12,8,2,3
11,12,8,2,55
11,12,8,2,57
11,12,8,3,14
11,12,8,3,47
11,12,8,4,37
11,12,8,4,59
11,12,8,5,16
11,12,8,5,29
11,12,8,5,35
11,12,8,5,41
11,12,8,5,45
11,12,8,7,9
11,12,8,7,13
11,12,8,7,36
11,12,8,7,50
11,12,8,8,38
11,12,8,9,41
11,12,8,9,44
11,12,8,11,0
11,12,8,11,54
11,12,8,12,3
11,12,8,12,8
11,12,8,12,17
11,12,8,12,43
11,12,8,12,46
11,12,8,13,10
11,12,8,13,37
11,12,8,13,50
11,12,8,13,52
11,12,8,13,53
11,12,8,14,34
11,12,8,14,36
11,12,8,14,40
11,12,8,14,58
11,12,8,15,4
11,12,8,15,25
11,12,8,15,47
11,12,8,15,53
11,12,8,16,12
11,12,8,16,36
11,12,8,17,14
11,12,8,17,53
11,12,8,18,40
11,12,8,19,38
11,12,8,19,45
11,12,8,19,58
11,12,8,22,9
11,12,8,23,7
11,12,8,27,45
11,12,8,32,27
11,12,8,32,45
11,12,8,35,3
11,12,8,36,59
11,12,8,45,38
11,12,8,46,11
11,12,8,50,44
11,12,8,58,4
11,12,9,0,45
11,12,9,3,12
11,12,9,4,7
11,12,9,5,28
11,12,9,5,51
11,12,9,13,34
11,12,9,21,14
11,12,9,23,53
11,12,9,24,45
11,12,9,24,47
11,12,9,28,15
11,12,9,29,22
11,12,9,30,20
11,12,9,31,27
11,12,9,31,34
11,12,9,32,5
11,12,9,36,3
11,12,9,37,55
11,12,9,38,15
11,12,9,39,50
11,12,9,48,55
11,12,9,48,59
11,12,9,52,59
11,12,9,54,28
11,12,9,54,29
11,12,9,56,16
11,12,9,56,24
11,12,9,56,45
11,12,9,59,59
11,12,10,0,6
11,12,10,3,45
11,12,10,3,59
11,12,10,6,49
11,12,10,6,51
11,12,10,8,14
11,12,10,8,21
11,12,10,14,39
11,12,10,18,13
11,12,10,37,33
11,12,10,42,2
11,12,10,46,25
11,12,10,51,50
11,12,10,52,34
11,12,11,1,18
11,12,11,2,11
11,12,11,4,3
11,12,11,4,52
11,12,11,8,8
11,12,11,8,11
11,12,11,9,15
11,12,11,11,11
11,12,11,11,36
11,12,11,12,4
11,12,11,12,15
11,12,11,12,53
11,12,11,15,51
11,12,11,19,21
11,12,11,19,24
11,12,11,19,53
11,12,11,19,56
11,12,11,28,34
11,12,11,38,41
11,12,11,44,14
11,12,11,44,57
11,12,11,47,1
11,12,11,47,20
11,12,11,50,58
11,12,11,51,40
11,12,11,52,14
11,12,11,52,26
11,12,11,53,42
11,12,11,53,43
11,12,11,57,6
11,12,11,57,9
11,12,11,59,28
11,12,11,59,51
11,12,12,1,35
11,12,12,1,49
11,12,12,2,12
11,12,12,2,19
11,12,12,2,23
11,12,12,3,0
11,12,12,3,33
11,12,12,5,19
11,12,12,5,23
11,12,12,7,42
11,12,12,11,47
11,12,12,11,54
11,12,12,14,5
11,12,12,14,7
11,12,12,14,54
11,12,12,15,7
11,12,12,17,15
11,12,12,18,52
11,12,12,20,26
11,12,12,20,36
11,12,12,20,44
11,12,12,21,0
11,12,12,21,18
11,12,12,48,6
11,12,12,52,39
11,12,13,10,6
11,12,13,14,26
11,12,13,16,49
11,12,13,49,52
11,12,13,53,37
11,12,13,56,50
11,12,13,57,52
11,12,13,58,8
11,12,14,0,10
11,12,14,3,52
11,12,14,8,32
11,12,14,10,24
11,12,14,15,21
11,12,14,15,46
11,12,14,19,26
11,12,14,20,45
11,12,15,2,11
11,12,15,4,50
11,12,15,5,43
11,12,15,23,26
11,12,15,30,58
11,12,15,33,47
11,12,15,41,43
11,12,15,43,17
11,12,15,43,31
11,12,15,50,36
11,12,15,57,5
11,12,15,58,49
11,12,15,58,55
11,12,15,59,18
11,12,16,3,13
11,12,16,9,1
11,12,16,9,50
11,12,16,54,47
11,12,17,26,53
11,12,17,31,56
11,12,17,32,42
11,12,18,5,48
11,12,18,6,39
11,12,19,20,40
11,13,6,48,13
11,13,6,48,15
11,13,6,50,57
11,13,7,35,50
11,13,7,37,19
11,13,7,40,30
11,13,7,42,56
11,13,7,43,7
11,13,7,44,0
11,13,7,44,5
11,13,7,45,37
11,13,7,46,17
11,13,7,47,58
11,13,7,49,39
11,13,7,50,59
11,13,7,51,17
11,13,7,51,24
11,13,7,52,15
11,13,7,55,10
11,13,7,55,12
11,13,7,55,33
11,13,7,56,14
11,13,7,56,22
11,13,7,57,34
11,13,7,57,54
11,13,7,57,59
11,13,7,58,47
11,13,7,59,17
11,13,7,59,20
11,13,7,59,22
11,13,7,59,32
11,13,7,59,33
11,13,7,59,33
11,13,7,59,55
11,13,8,0,7
11,13,8,0,23
11,13,8,1,15
11,13,8,1,43
11,13,8,2,14
11,13,8,2,25
11,13,8,2,28
11,13,8,3,11
11,13,8,3,46
11,13,8,3,48
11,13,8,3,50
11,13,8,4,5
11,13,8,5,4
11,13,8,5,58
11,13,8,6,38
11,13,8,7,14
11,13,8,7,18
11,13,8,8,10
11,13,8,8,22
11,13,8,8,42
11,13,8,8,45
11,13,8,9,31
11,13,8,10,9
11,13,8,10,29
11,13,8,10,31
11,13,8,10,59
11,13,8,11,43
11,13,8,11,46
11,13,8,11,54
11,13,8,12,16
11,13,8,13,4
11,13,8,14,12
11,13,8,16,38
11,13,8,17,23
11,13,8,19,8
11,13,8,22,24
11,13,8,27,55
11,13,8,36,58
11,13,8,51,1
11,13,8,51,14
11,13,8,55,0
11,13,8,55,12
11,13,8,55,41
11,13,8,55,47
11,13,8,57,28
11,13,8,57,52
11,13,9,0,53
11,13,9,1,39
11,13,9,1,41
11,13,9,2,11
11,13,9,3,40
11,13,9,6,44
11,13,9,6,53
11,13,9,8,34
11,13,9,8,51
11,13,9,14,57
11,13,9,24,53
11,13,9,41,3
11,13,9,44,33
11,13,9,46,10
11,13,9,49,57
11,13,9,52,56
11,13,9,53,46
11,13,9,53,49
11,13,9,57,10
11,13,10,2,56
11,13,10,6,58
11,13,10,7,14
11,13,10,8,55
11,13,10,9,42
11,13,10,10,30
11,13,10,10,51
11,13,10,11,5
11,13,10,13,11
11,13,10,15,38
11,13,10,32,24
11,13,10,32,38
11,13,10,49,1
11,13,10,53,45
11,13,10,55,41
11,13,11,6,29
11,13,11,15,25
11,13,11,15,26
11,13,11,15,31
11,13,11,22,7
11,13,11,33,40
11,13,11,33,40
11,13,11,33,41
11,13,11,34,17
11,13,11,35,39
11,13,11,37,52
11,13,11,41,2
11,13,11,42,22
11,13,11,42,39
11,13,11,43,33
11,13,11,43,42
11,13,11,45,7
11,13,11,48,20
11,13,11,49,2
11,13,11,55,22
11,13,11,56,50
11,13,11,57,17
11,13,11,57,31
11,13,11,57,46
11,13,11,59,56
11,13,12,0,11
11,13,12,0,53
11,13,12,2,13
11,13,12,2,52
11,13,12,3,5
11,13,12,3,34
11,13,12,4,10
11,13,12,6,38
11,13,12,7,10
11,13,12,7,31
11,13,12,7,44
11,13,12,11,8
11,13,12,11,10
11,13,12,11,30
11,13,12,14,25
11,13,12,15,39
11,13,12,16,17
11,13,12,16,23
11,13,12,19,15
11,13,12,29,3
11,13,12,39,16
11,13,12,42,37
11,13,12,52,0
11,13,12,57,8
11,13,12,57,16
11,13,12,58,21
11,13,13,5,0
11,13,13,5,6
11,13,13,5,9
11,13,13,6,43
11,13,13,13,51
11,13,13,17,58
11,13,13,21,1
11,13,13,25,3
11,13,13,39,31
11,13,13,45,9
11,13,13,47,19
11,13,13,51,41
11,13,13,52,51
11,13,13,55,30
11,13,13,56,42
11,13,13,56,45
11,13,13,56,51
11,13,14,2,3
11,13,14,2,30
11,13,14,3,57
11,13,14,4,21
11,13,14,10,1
11,13,14,11,0
11,13,14,12,46
11,13,14,13,47
11,13,14,15,12
11,13,14,25,26
11,13,14,51,30
11,13,14,54,22
11,13,14,59,12
11,13,15,11,10
11,13,15,13,8
11,13,15,26,5
11,13,15,28,32
11,13,15,54,17
11,13,15,54,56
11,13,15,59,11
11,13,16,17,11
11,13,16,17,46
11,13,16,23,17
11,13,16,24,7
11,13,16,24,36
11,13,16,24,40
11,13,16,24,43
11,13,16,24,52
11,13,16,25,0
11,13,17,44,38
11,14,10,4,23
11,14,15,56,45
11,16,6,4,6
11,16,7,34,4
11,16,7,36,35
11,16,7,37,2
11,16,7,37,10
11,16,7,37,13
11,16,7,40,51
11,16,7,41,18
11,16,7,44,17
11,16,7,44,48
11,16,7,47,38
11,16,7,48,2
11,16,7,49,19
11,16,7,49,22
11,16,7,50,1
11,16,7,50,13
11,16,7,50,40
11,16,7,50,52
11,16,7,51,23
11,16,7,51,31
11,16,7,51,44
11,16,7,51,45
11,16,7,51,48
11,16,7,52,9
11,16,7,52,30
11,16,7,53,50
11,16,7,54,4
11,16,7,54,7
11,16,7,54,12
11,16,7,54,39
11,16,7,54,42
11,16,7,54,45
11,16,7,54,52
11,16,7,56,16
11,16,7,56,22
11,16,7,56,36
11,16,7,56,49
11,16,7,57,9
11,16,7,57,31
11,16,7,57,34
11,16,7,58,23
11,16,7,58,30
11,16,7,58,32
11,16,7,59,36
11,16,7,59,48
11,16,7,59,50
11,16,7,59,52
11,16,7,59,54
11,16,8,0,16
11,16,8,0,19
11,16,8,0,20
11,16,8,0,24
11,16,8,0,28
11,16,8,0,29
11,16,8,0,38
11,16,8,0,56
11,16,8,1,23
11,16,8,2,40
11,16,8,2,42
11,16,8,2,49
11,16,8,3,14
11,16,8,3,18
11,16,8,3,51
11,16,8,3,54
11,16,8,4,5
11,16,8,4,24
11,16,8,4,59
11,16,8,5,1
11,16,8,5,38
11,16,8,6,0
11,16,8,6,11
11,16,8,6,14
11,16,8,6,16
11,16,8,6,20
11,16,8,6,23
11,16,8,6,54
11,16,8,6,58
11,16,8,7,17
11,16,8,7,22
11,16,8,7,24
11,16,8,7,28
11,16,8,7,30
11,16,8,7,34
11,16,8,7,36
11,16,8,8,15
11,16,8,8,17
11,16,8,8,40
11,16,8,9,29
11,16,8,9,31
11,16,8,9,43
11,16,8,9,45
11,16,8,10,17
11,16,8,10,27
11,16,8,10,44
11,16,8,10,46
11,16,8,10,47
11,16,8,10,49
11,16,8,11,17
11,16,8,11,19
11,16,8,11,36
11,16,8,11,55
11,16,8,11,57
11,16,8,12,9
11,16,8,12,11
11,16,8,12,16
11,16,8,12,25
11,16,8,12,51
11,16,8,13,15
11,16,8,14,6
11,16,8,14,10
11,16,8,14,27
11,16,8,15,14
11,16,8,15,16
11,16,8,16,6
11,16,8,16,17
11,16,8,16,30
11,16,8,16,32
11,16,8,20,9
11,16,8,20,20
11,16,8,20,30
11,16,8,20,37
11,16,8,20,45
11,16,8,21,7
11,16,8,21,21
11,16,8,21,23
11,16,8,24,47
11,16,8,25,50
11,16,8,28,35
11,16,8,29,34
11,16,8,31,8
11,16,8,31,29
11,16,8,35,0
11,16,8,39,42
11,16,8,39,44
11,16,8,42,5
11,16,8,48,6
11,16,8,55,20
11,16,8,55,22
11,16,8,55,46
11,16,8,57,20
11,16,8,58,34
11,16,8,59,6
11,16,9,3,37
11,16,9,4,4
11,16,9,5,8
11,16,9,5,34
11,16,9,5,36
11,16,9,5,39
11,16,9,6,59
11,16,9,7,6
11,16,9,7,45
11,16,9,8,6
11,16,9,8,13
11,16,9,8,15
11,16,9,9,24
11,16,9,9,26
11,16,9,9,45
11,16,9,9,47
11,16,9,15,24
11,16,9,15,25
11,16,9,45,5
11,16,9,47,14
11,16,9,48,14
11,16,9,50,19
11,16,9,50,21
11,16,9,52,40
11,16,9,53,4
11,16,9,54,13
11,16,9,55,47
11,16,9,59,52
11,16,10,1,42
11,16,10,2,45
11,16,10,2,55
11,16,10,5,26
11,16,10,5,28
11,16,10,5,30
11,16,10,5,34
11,16,10,6,37
11,16,10,7,6
11,16,10,7,28
11,16,10,8,31
11,16,10,9,6
11,16,10,9,49
11,16,10,11,1
11,16,10,11,6
11,16,10,11,38
11,16,10,11,50
11,16,10,12,5
11,16,10,12,48
11,16,10,13,41
11,16,10,17,11
11,16,10,17,49
11,16,10,19,46
11,16,10,26,26
11,16,10,31,44
11,16,10,37,49
11,16,10,38,52
11,16,10,38,56
11,16,10,39,20
11,16,10,39,37
11,16,10,40,23
11,16,10,48,45
11,16,10,48,47
11,16,10,48,49
11,16,10,49,1
11,16,10,55,0
11,16,10,57,1
11,16,10,58,11
11,16,10,58,29
11,16,10,59,19
11,16,11,0,52
11,16,11,0,54
11,16,11,1,4
11,16,11,1,29
11,16,11,2,28
11,16,11,2,30
11,16,11,2,33
11,16,11,4,8
11,16,11,5,22
11,16,11,5,48
11,16,11,6,30
11,16,11,7,58
11,16,11,10,32
11,16,11,10,38
11,16,11,11,22
11,16,11,13,6
11,16,11,14,51
11,16,11,16,50
11,16,11,17,25
11,16,11,31,45
11,16,11,40,41
11,16,11,41,19
11,16,11,41,28
11,16,11,42,35
11,16,11,44,17
11,16,11,49,16
11,16,11,49,20
11,16,11,49,30
11,16,11,49,38
11,16,11,49,52
11,16,11,50,1
11,16,11,50,7
11,16,11,50,38
11,16,11,50,41
11,16,11,52,3
11,16,11,52,49
11,16,11,52,51
11,16,11,52,56
11,16,11,53,2
11,16,11,53,3
11,16,11,54,23
11,16,11,54,26
11,16,11,54,43
11,16,11,54,46
11,16,11,54,59
11,16,11,55,32
11,16,11,55,34
11,16,11,55,36
11,16,11,56,32
11,16,11,57,0
11,16,11,58,0
11,16,11,58,13
11,16,11,58,26
11,16,11,58,32
11,16,11,58,34
11,16,11,58,45
11,16,11,58,49
11,16,11,58,51
11,16,11,59,13
11,16,11,59,16
11,16,11,59,19
11,16,11,59,20
11,16,11,59,23
11,16,11,59,28
11,16,12,0,5
11,16,12,0,12
11,16,12,0,20
11,16,12,1,3
11,16,12,1,11
11,16,12,1,16
11,16,12,1,35
11,16,12,1,37
11,16,12,1,43
11,16,12,2,15
11,16,12,2,19
11,16,12,2,34
11,16,12,3,31
11,16,12,3,39
11,16,12,3,40
11,16,12,3,45
11,16,12,3,47
11,16,12,4,2
11,16,12,4,7
11,16,12,4,48
11,16,12,5,3
11,16,12,5,6
11,16,12,5,12
11,16,12,5,21
11,16,12,5,23
11,16,12,5,26
11,16,12,5,28
11,16,12,5,30
11,16,12,5,32
11,16,12,5,35
11,16,12,6,13
11,16,12,6,41
11,16,12,6,51
11,16,12,7,12
11,16,12,7,27
11,16,12,7,31
11,16,12,8,16
11,16,12,8,18
11,16,12,8,50
11,16,12,9,0
11,16,12,9,4
11,16,12,10,1
11,16,12,10,4
11,16,12,10,6
11,16,12,10,17
11,16,12,10,19
11,16,12,10,29
11,16,12,10,30
11,16,12,12,34
11,16,12,12,36
11,16,12,12,38
11,16,12,12,42
11,16,12,13,19
11,16,12,13,25
11,16,12,13,43
11,16,12,13,45
11,16,12,13,46
11,16,12,13,52
11,16,12,15,12
11,16,12,15,31
11,16,12,15,34
11,16,12,16,9
11,16,12,16,15
11,16,12,18,15
11,16,12,18,38
11,16,12,19,9
11,16,12,20,22
11,16,12,21,34
11,16,12,33,31
11,16,12,55,22
11,16,12,55,25
11,16,12,57,23
11,16,12,58,19
11,16,13,0,9
11,16,13,0,12
11,16,13,0,22
11,16,13,5,1
11,16,13,5,3
11,16,13,10,19
11,16,13,13,2
11,16,13,33,56
11,16,13,38,38
11,16,13,38,46
11,16,13,43,8
11,16,13,44,46
11,16,13,47,10
11,16,13,47,25
11,16,13,47,28
11,16,13,51,36
11,16,13,51,39
11,16,13,53,23
11,16,13,53,37
11,16,13,54,1
11,16,13,55,3
11,16,13,55,47
11,16,13,56,58
11,16,13,57,0
11,16,13,57,26
11,16,13,57,38
11,16,13,57,40
11,16,13,57,43
11,16,13,58,1
11,16,14,0,31
11,16,14,0,34
11,16,14,1,18
11,16,14,1,19
11,16,14,1,21
11,16,14,1,24
11,16,14,2,2
11,16,14,4,10
11,16,14,5,5
11,16,14,5,34
11,16,14,5,39
11,16,14,5,41
11,16,14,7,21
11,16,14,7,23
11,16,14,7,59
11,16,14,10,6
11,16,14,10,20
11,16,14,10,25
11,16,14,11,13
11,16,14,11,42
11,16,14,13,5
11,16,14,16,48
11,16,14,19,28
11,16,14,19,29
11,16,14,22,57
11,16,14,46,34
11,16,14,46,36
11,16,14,46,39
11,16,14,46,42
11,16,14,46,45
11,16,14,47,43
11,16,14,53,56
11,16,14,58,30
11,16,15,8,32
11,16,15,18,18
11,16,15,19,29
11,16,15,19,50
11,16,15,21,26
11,16,15,22,46
11,16,15,22,48
11,16,15,22,51
11,16,15,35,6
11,16,15,39,19
11,16,15,41,22
11,16,15,43,23
11,16,15,44,43
11,16,15,50,3
11,16,15,50,15
11,16,15,50,24
11,16,15,50,44
11,16,15,51,12
11,16,15,51,15
11,16,15,53,39
11,16,15,53,54
11,16,15,55,26
11,16,15,55,28
11,16,15,57,17
11,16,15,57,20
11,16,15,57,22
11,16,15,58,20
11,16,15,58,26
11,16,16,0,36
11,16,16,0,47
11,16,16,0,50
11,16,16,3,36
11,16,16,10,4
11,16,16,10,18
11,16,16,10,51
11,16,16,11,25
11,16,16,23,52
11,16,16,44,36
11,16,16,48,36
11,16,17,16,17
11,16,17,22,56
11,16,17,26,53
11,16,17,53,52
11,16,17,54,49
11,16,17,54,52
11,16,18,3,54
11,16,18,5,3
11,16,18,6,14
11,16,18,11,59
11,16,18,12,0
11,16,18,12,7
11,16,18,12,9
11,16,18,12,12
11,16,18,12,15
11,16,18,20,15
11,16,18,23,28
11,16,19,1,4
11,16,19,2,41
11,16,19,5,18
11,17,7,37,53
11,17,7,38,37
11,17,7,38,45
11,17,7,38,49
11,17,7,41,12
11,17,7,41,47
11,17,7,42,27
11,17,7,44,9
11,17,7,44,20
11,17,7,45,48
11,17,7,46,30
11,17,7,46,42
11,17,7,48,36
11,17,7,48,44
11,17,7,48,47
11,17,7,49,41
11,17,7,49,45
11,17,7,51,20
11,17,7,51,50
11,17,7,51,52
11,17,7,52,6
11,17,7,52,36
11,17,7,52,40
11,17,7,52,41
11,17,7,53,9
11,17,7,54,6
11,17,7,54,7
11,17,7,54,9
11,17,7,54,14
11,17,7,54,16
11,17,7,54,18
11,17,7,55,16
11,17,7,55,18
11,17,7,55,40
11,17,7,55,59
11,17,7,56,11
11,17,7,56,14
11,17,7,56,18
11,17,7,56,30
11,17,7,56,34
11,17,7,56,46
11,17,7,56,49
11,17,7,56,50
11,17,7,56,53
11,17,7,56,55
11,17,7,56,58
11,17,7,57,1
11,17,7,57,15
11,17,7,57,18
11,17,7,57,20
11,17,7,57,47
11,17,7,58,8
11,17,7,58,11
11,17,7,58,15
11,17,7,58,18
11,17,7,58,31
11,17,7,59,1
11,17,7,59,2
11,17,7,59,4
11,17,7,59,6
11,17,7,59,14
11,17,7,59,19
11,17,7,59,43
11,17,7,59,50
11,17,7,59,53
11,17,7,59,55
11,17,8,0,17
11,17,8,0,23
11,17,8,0,25
11,17,8,0,27
11,17,8,0,29
11,17,8,0,31
11,17,8,0,48
11,17,8,0,58
11,17,8,1,23
11,17,8,1,26
11,17,8,1,30
11,17,8,1,32
11,17,8,1,48
11,17,8,1,58
11,17,8,2,13
11,17,8,2,27
11,17,8,2,31
11,17,8,2,48
11,17,8,2,59
11,17,8,3,30
11,17,8,3,32
11,17,8,3,35
11,17,8,3,40
11,17,8,3,56
11,17,8,4,2
11,17,8,4,3
11,17,8,4,10
11,17,8,4,18
11,17,8,4,37
11,17,8,4,43
11,17,8,4,45
11,17,8,4,50
11,17,8,4,52
11,17,8,5,6
11,17,8,5,8
11,17,8,5,15
11,17,8,5,18
11,17,8,5,21
11,17,8,5,23
11,17,8,5,26
11,17,8,5,29
11,17,8,5,32
11,17,8,5,40
11,17,8,5,43
11,17,8,5,47
11,17,8,5,53
11,17,8,5,55
11,17,8,5,59
11,17,8,6,1
11,17,8,6,7
11,17,8,6,11
11,17,8,6,13
11,17,8,6,47
11,17,8,6,49
11,17,8,6,57
11,17,8,6,59
11,17,8,7,1
11,17,8,7,11
11,17,8,7,17
11,17,8,7,19
11,17,8,7,23
11,17,8,7,26
11,17,8,7,58
11,17,8,8,14
11,17,8,8,16
11,17,8,8,26
11,17,8,8,33
11,17,8,8,36
11,17,8,8,41
11,17,8,8,55
11,17,8,8,59
11,17,8,9,5
11,17,8,9,14
11,17,8,9,20
11,17,8,9,22
11,17,8,9,26
11,17,8,9,28
11,17,8,9,29
11,17,8,9,34
11,17,8,9,39
11,17,8,9,42
11,17,8,9,46
11,17,8,9,50
11,17,8,9,52
11,17,8,9,54
11,17,8,9,56
11,17,8,10,0
11,17,8,10,2
11,17,8,10,4
11,17,8,10,7
11,17,8,10,11
11,17,8,10,12
11,17,8,10,18
11,17,8,10,22
11,17,8,10,24
11,17,8,10,28
11,17,8,10,30
11,17,8,10,33
11,17,8,10,35
11,17,8,10,36
11,17,8,10,39
11,17,8,11,8
11,17,8,11,9
11,17,8,11,14
11,17,8,11,15
11,17,8,11,28
11,17,8,11,38
11,17,8,11,40
11,17,8,11,44
11,17,8,11,46
11,17,8,11,58
11,17,8,12,0
11,17,8,12,3
11,17,8,12,5
11,17,8,12,15
11,17,8,12,18
11,17,8,12,29
11,17,8,12,34
11,17,8,12,36
11,17,8,12,55
11,17,8,12,59
11,17,8,13,21
11,17,8,13,24
11,17,8,13,26
11,17,8,13,33
11,17,8,13,54
11,17,8,13,57
11,17,8,14,4
11,17,8,14,11
11,17,8,14,14
11,17,8,14,16
11,17,8,14,23
11,17,8,14,26
11,17,8,14,28
11,17,8,14,31
11,17,8,14,33
11,17,8,14,37
11,17,8,14,40
11,17,8,14,41
11,17,8,15,14
11,17,8,15,29
11,17,8,15,40
11,17,8,15,47
11,17,8,15,52
11,17,8,15,54
11,17,8,16,22
11,17,8,16,24
11,17,8,16,30
11,17,8,17,15
11,17,8,17,46
11,17,8,18,35
11,17,8,18,47
11,17,8,19,0
11,17,8,19,10
11,17,8,19,31
11,17,8,19,41
11,17,8,19,51
11,17,8,19,52
11,17,8,20,45
11,17,8,22,33
11,17,8,22,35
11,17,8,22,56
11,17,8,25,0
11,17,8,27,25
11,17,8,30,46
11,17,8,31,37
11,17,8,31,43
11,17,8,35,21
11,17,8,37,0
11,17,8,40,1
11,17,8,40,28
11,17,8,41,6
11,17,8,42,24
11,17,8,42,46
11,17,8,44,11
11,17,8,44,30
11,17,8,46,24
11,17,8,50,0
11,17,8,50,13
11,17,8,54,2
11,17,8,55,54
11,17,8,55,58
11,17,8,56,21
11,17,9,0,10
11,17,9,0,12
11,17,9,0,14
11,17,9,5,40
11,17,9,6,18
11,17,9,8,19
11,17,9,9,40
11,17,9,13,11
11,17,9,14,51
11,17,9,15,14
11,17,9,18,8
11,17,9,19,47
11,17,9,20,4
11,17,9,20,10
11,17,9,21,30
11,17,9,23,6
11,17,9,25,38
11,17,9,26,2
11,17,9,26,24
11,17,9,26,59
11,17,9,30,2
11,17,9,30,4
11,17,9,30,44
11,17,9,30,46
11,17,9,36,26
11,17,9,39,57
11,17,9,40,22
11,17,9,40,25
11,17,9,40,28
11,17,9,40,46
11,17,9,40,48
11,17,9,41,48
11,17,9,41,51
11,17,9,46,58
11,17,9,48,4
11,17,9,49,15
11,17,9,49,17
11,17,9,51,57
11,17,9,54,43
11,17,9,55,1
11,17,9,55,6
11,17,9,55,46
11,17,9,56,17
11,17,9,56,21
11,17,9,56,31
11,17,9,56,34
11,17,9,56,40
11,17,9,57,37
11,17,9,57,39
11,17,9,58,44
11,17,9,59,7
11,17,9,59,18
11,17,9,59,53
11,17,10,0,53
11,17,10,0,55
11,17,10,2,12
11,17,10,3,8
11,17,10,3,31
11,17,10,3,33
11,17,10,3,55
11,17,10,4,0
11,17,10,4,2
11,17,10,5,33
11,17,10,5,37
11,17,10,6,18
11,17,10,6,20
11,17,10,8,33
11,17,10,9,21
11,17,10,10,35
11,17,10,14,6
11,17,10,14,7
11,17,10,14,37
11,17,10,14,41
11,17,10,14,43
11,17,10,17,14
11,17,10,17,16
11,17,10,17,51
11,17,10,20,11
11,17,10,20,13
11,17,10,26,27
11,17,10,26,35
11,17,10,29,32
11,17,10,29,34
11,17,10,29,52
11,17,10,30,32
11,17,10,42,43
11,17,10,44,6
11,17,10,44,29
11,17,10,54,43
11,17,10,55,54
11,17,11,0,7
11,17,11,0,14
11,17,11,0,21
11,17,11,1,2
11,17,11,5,35
11,17,11,5,37
11,17,11,12,32
11,17,11,12,33
11,17,11,15,25
11,17,11,15,49
11,17,11,17,28
11,17,11,19,39
11,17,11,22,30
11,17,11,23,36
11,17,11,28,53
11,17,11,29,7
11,17,11,30,28
11,17,11,33,3
11,17,11,35,38
11,17,11,39,34
11,17,11,40,23
11,17,11,45,29
11,17,11,49,42
11,17,11,51,1
11,17,11,51,25
11,17,11,51,44
11,17,11,52,17
11,17,11,52,36
11,17,11,52,44
11,17,11,53,44
11,17,11,54,10
11,17,11,54,12
11,17,11,54,33
11,17,11,54,43
11,17,11,55,29
11,17,11,56,6
11,17,11,56,9
11,17,11,56,23
11,17,11,56,28
11,17,11,59,30
11,17,11,59,40
11,17,12,0,7
11,17,12,0,15
11,17,12,0,28
11,17,12,0,34
11,17,12,1,21
11,17,12,2,11
11,17,12,2,41
11,17,12,2,55
11,17,12,3,17
11,17,12,3,22
11,17,12,3,33
11,17,12,3,53
11,17,12,4,8
11,17,12,4,43
11,17,12,4,45
11,17,12,4,49
11,17,12,4,55
11,17,12,5,21
11,17,12,5,48
11,17,12,5,53
11,17,12,7,19
11,17,12,7,42
11,17,12,7,53
11,17,12,7,55
11,17,12,7,58
11,17,12,8,3
11,17,12,8,28
11,17,12,8,29
11,17,12,8,35
11,17,12,8,37
11,17,12,8,38
11,17,12,8,43
11,17,12,8,54
11,17,12,8,56
11,17,12,8,58
11,17,12,9,4
11,17,12,9,8
11,17,12,9,50
11,17,12,12,22
11,17,12,14,38
11,17,12,14,42
11,17,12,14,54
11,17,12,14,58
11,17,12,15,1
11,17,12,15,8
11,17,12,15,16
11,17,12,15,36
11,17,12,15,39
11,17,12,15,54
11,17,12,15,58
11,17,12,16,8
11,17,12,16,40
11,17,12,17,56
11,17,12,20,9
11,17,12,20,25
11,17,12,20,54
11,17,12,21,0
11,17,12,21,1
11,17,12,21,6
11,17,12,21,11
11,17,12,21,27
11,17,12,21,30
11,17,12,21,34
11,17,12,21,37
11,17,12,22,30
11,17,12,22,40
11,17,12,22,41
11,17,12,23,3
11,17,12,23,47
11,17,12,23,48
11,17,12,26,13
11,17,12,28,33
11,17,12,28,59
11,17,12,29,3
11,17,12,29,4
11,17,12,30,1
11,17,12,30,22
11,17,12,30,27
11,17,12,30,34
11,17,12,31,10
11,17,12,32,23
11,17,12,34,23
11,17,12,35,25
11,17,12,36,9
11,17,12,36,17
11,17,12,37,21
11,17,12,37,32
11,17,12,41,46
11,17,12,43,55
11,17,12,44,17
11,17,12,45,17
11,17,12,45,19
11,17,12,46,43
11,17,12,51,27
11,17,12,51,29
11,17,12,55,50
11,17,12,59,54
11,17,13,1,53
11,17,13,1,56
11,17,13,1,58
11,17,13,13,36
11,17,13,24,19
11,17,13,24,23
11,17,13,24,29
11,17,13,34,42
11,17,13,35,22
11,17,13,46,18
11,17,13,48,35
11,17,13,49,17
11,17,13,50,22
11,17,13,50,25
11,17,13,56,12
11,17,13,57,37
11,17,13,57,44
11,17,13,57,48
11,17,13,58,19
11,17,13,58,55
11,17,14,1,17
11,17,14,1,27
11,17,14,4,7
11,17,14,5,8
11,17,14,6,54
11,17,14,9,55
11,17,14,12,23
11,17,14,28,1
11,17,14,35,12
11,17,14,47,27
11,17,14,59,56
11,17,15,21,34
11,17,15,21,36
11,17,15,21,39
11,17,15,25,22
11,17,15,32,25
11,17,15,38,10
11,17,15,39,11
11,17,15,41,29
11,17,15,41,36
11,17,15,41,39
11,17,15,41,41
11,17,15,42,33
11,17,15,42,34
11,17,15,43,57
11,17,15,44,29
11,17,15,47,10
11,17,15,47,58
11,17,15,48,52
11,17,15,49,8
11,17,15,49,12
11,17,15,50,50
11,17,15,50,55
11,17,15,51,42
11,17,15,52,9
11,17,15,52,21
11,17,15,52,50
11,17,15,53,6
11,17,15,53,13
11,17,15,53,17
11,17,15,54,25
11,17,15,54,36
11,17,15,57,23
11,17,15,58,11
11,17,15,59,15
11,17,15,59,17
11,17,16,1,54
11,17,16,2,6
11,17,16,4,2
11,17,16,4,5
11,17,16,4,6
11,17,16,8,15
11,17,16,8,19
11,17,16,23,11
11,17,16,41,53
11,17,16,46,22
11,17,16,46,25
11,17,16,46,40
11,17,16,50,33
11,17,16,50,36
11,17,16,50,40
11,17,17,10,41
11,17,17,11,0
11,17,17,20,33
11,17,17,27,4
11,17,17,29,27
11,17,17,54,47
11,17,17,55,13
11,17,17,55,17
11,17,17,55,19
11,17,17,55,23
11,17,17,57,44
11,17,17,58,21
11,17,17,58,23
11,17,17,58,26
11,17,17,58,59
11,17,18,1,20
11,17,18,6,38
11,17,18,15,39
11,17,18,15,41
11,17,18,37,47
11,17,18,38,49
11,17,18,40,36
11,17,18,52,27
11,17,19,52,57
11,17,19,53,28
11,17,19,53,51
11,17,20,18,42
11,18,7,32,48
11,18,7,34,52
11,18,7,34,54
11,18,7,38,15
11,18,7,38,58
11,18,7,39,29
11,18,7,39,35
11,18,7,39,50
11,18,7,40,0
11,18,7,40,35
11,18,7,41,8
11,18,7,42,7
11,18,7,42,10
11,18,7,44,56
11,18,7,46,50
11,18,7,47,15
11,18,7,47,32
11,18,7,47,58
11,18,7,48,38
11,18,7,48,44
11,18,7,49,29
11,18,7,49,49
11,18,7,49,58
11,18,7,51,6
11,18,7,51,8
11,18,7,51,10
11,18,7,51,45
11,18,7,51,58
11,18,7,52,1
11,18,7,52,5
11,18,7,52,7
11,18,7,52,31
11,18,7,53,33
11,18,7,54,7
11,18,7,54,19
11,18,7,54,25
11,18,7,54,52
11,18,7,55,36
11,18,7,55,42
11,18,7,56,38
11,18,7,56,48
11,18,7,56,51
11,18,7,57,17
11,18,7,57,19
11,18,7,57,21
11,18,7,57,22
11,18,7,57,25
11,18,7,57,29
11,18,7,57,42
11,18,7,57,56
11,18,7,58,1
11,18,7,58,15
11,18,7,58,19
11,18,7,58,22
11,18,7,58,33
11,18,7,58,43
11,18,7,58,47
11,18,7,58,49
11,18,7,58,51
11,18,7,58,56
11,18,7,58,59
11,18,7,59,1
11,18,7,59,16
11,18,7,59,18
11,18,7,59,34
11,18,7,59,38
11,18,7,59,47
11,18,7,59,50
11,18,8,0,3
11,18,8,0,6
11,18,8,0,13
11,18,8,0,18
11,18,8,0,30
11,18,8,0,55
11,18,8,0,57
11,18,8,1,1
11,18,8,1,3
11,18,8,1,5
11,18,8,1,7
11,18,8,1,12
11,18,8,1,15
11,18,8,1,18
11,18,8,1,26
11,18,8,1,28
11,18,8,1,30
11,18,8,1,32
11,18,8,1,39
11,18,8,1,53
11,18,8,2,1
11,18,8,2,5
11,18,8,2,16
11,18,8,2,24
11,18,8,2,26
11,18,8,2,35
11,18,8,2,47
11,18,8,3,10
11,18,8,3,13
11,18,8,3,15
11,18,8,3,20
11,18,8,3,34
11,18,8,4,2
11,18,8,4,5
11,18,8,4,7
11,18,8,4,9
11,18,8,4,32
11,18,8,4,34
11,18,8,4,49
11,18,8,4,52
11,18,8,5,2
11,18,8,5,4
11,18,8,5,8
11,18,8,5,21
11,18,8,5,48
11,18,8,6,3
11,18,8,6,18
11,18,8,6,32
11,18,8,6,36
11,18,8,6,39
11,18,8,6,41
11,18,8,6,50
11,18,8,6,53
11,18,8,6,55
11,18,8,7,9
11,18,8,7,14
11,18,8,7,16
11,18,8,7,17
11,18,8,7,19
11,18,8,7,22
11,18,8,7,24
11,18,8,7,52
11,18,8,8,19
11,18,8,8,22
11,18,8,8,30
11,18,8,8,38
11,18,8,8,49
11,18,8,8,52
11,18,8,8,55
11,18,8,8,58
11,18,8,9,2
11,18,8,9,5
11,18,8,9,17
11,18,8,9,18
11,18,8,9,45
11,18,8,9,48
11,18,8,9,51
11,18,8,9,55
11,18,8,10,1
11,18,8,10,9
11,18,8,10,23
11,18,8,10,26
11,18,8,10,27
11,18,8,10,34
11,18,8,10,53
11,18,8,11,3
11,18,8,11,19
11,18,8,11,20
11,18,8,11,26
11,18,8,11,29
11,18,8,11,31
11,18,8,11,35
11,18,8,11,37
11,18,8,11,39
11,18,8,11,43
11,18,8,11,54
11,18,8,11,56
11,18,8,11,58
11,18,8,12,5
11,18,8,12,19
11,18,8,12,21
11,18,8,12,30
11,18,8,12,32
11,18,8,12,39
11,18,8,12,48
11,18,8,12,50
11,18,8,12,51
11,18,8,12,54
11,18,8,12,56
11,18,8,12,58
11,18,8,13,0
11,18,8,13,12
11,18,8,13,21
11,18,8,13,40
11,18,8,13,42
11,18,8,13,56
11,18,8,14,5
11,18,8,14,7
11,18,8,14,13
11,18,8,14,16
11,18,8,14,44
11,18,8,14,46
11,18,8,15,3
11,18,8,15,7
11,18,8,15,9
11,18,8,15,18
11,18,8,15,20
11,18,8,15,22
11,18,8,15,28
11,18,8,15,52
11,18,8,15,55
11,18,8,16,0
11,18,8,16,3
11,18,8,16,11
11,18,8,16,16
11,18,8,16,50
11,18,8,17,1
11,18,8,17,12
11,18,8,17,18
11,18,8,17,21
11,18,8,17,49
11,18,8,17,58
11,18,8,18,0
11,18,8,18,17
11,18,8,18,18
11,18,8,18,38
11,18,8,18,55
11,18,8,19,20
11,18,8,19,22
11,18,8,19,28
11,18,8,19,37
11,18,8,19,51
11,18,8,20,1
11,18,8,20,7
11,18,8,20,9
11,18,8,20,11
11,18,8,20,27
11,18,8,20,51
11,18,8,21,7
11,18,8,21,10
11,18,8,21,24
11,18,8,22,21
11,18,8,23,48
11,18,8,23,50
11,18,8,24,3
11,18,8,24,8
11,18,8,24,35
11,18,8,26,25
11,18,8,30,59
11,18,8,31,11
11,18,8,31,35
11,18,8,31,37
11,18,8,31,54
11,18,8,33,11
11,18,8,35,3
11,18,8,36,8
11,18,8,42,4
11,18,8,42,31
11,18,8,43,44
11,18,8,43,47
11,18,8,45,20
11,18,8,50,42
11,18,8,53,42
11,18,8,54,55
11,18,8,56,45
11,18,8,56,53
11,18,8,57,20
11,18,8,58,48
11,18,9,2,24
11,18,9,3,5
11,18,9,4,48
11,18,9,7,2
11,18,9,7,48
11,18,9,8,35
11,18,9,9,9
11,18,9,9,25
11,18,9,10,40
11,18,9,11,38
11,18,9,13,42
11,18,9,13,54
11,18,9,15,25
11,18,9,22,7
11,18,9,24,58
11,18,9,25,38
11,18,9,27,38
11,18,9,27,57
11,18,9,30,15
11,18,9,35,49
11,18,9,35,50
11,18,9,37,45
11,18,9,38,13
11,18,9,39,32
11,18,9,40,22
11,18,9,40,23
11,18,9,43,30
11,18,9,52,22
11,18,9,53,54
11,18,9,55,46
11,18,9,56,21
11,18,9,56,23
11,18,9,56,29
11,18,9,56,41
11,18,9,57,42
11,18,9,57,55
11,18,9,58,32
11,18,9,59,6
11,18,9,59,9
11,18,9,59,10
11,18,9,59,23
11,18,10,1,30
11,18,10,1,32
11,18,10,2,12
11,18,10,2,15
11,18,10,2,26
11,18,10,2,47
11,18,10,3,23
11,18,10,4,46
11,18,10,5,0
11,18,10,5,2
11,18,10,5,46
11,18,10,8,26
11,18,10,9,33
11,18,10,9,48
11,18,10,13,15
11,18,10,14,9
11,18,10,14,13
11,18,10,17,11
11,18,10,19,42
11,18,10,19,52
11,18,10,24,8
11,18,10,27,28
11,18,10,28,29
11,18,10,31,7
11,18,10,32,46
11,18,10,35,57
11,18,10,35,59
11,18,10,39,19
11,18,10,39,21
11,18,10,44,19
11,18,10,47,24
11,18,10,51,29
11,18,10,51,33
11,18,10,55,3
11,18,11,7,38
11,18,11,10,6
11,18,11,10,23
11,18,11,10,44
11,18,11,13,43
11,18,11,17,2
11,18,11,22,29
11,18,11,28,23
11,18,11,34,41
11,18,11,34,45
11,18,11,36,9
11,18,11,36,11
11,18,11,36,37
11,18,11,36,47
11,18,11,36,59
11,18,11,37,1
11,18,11,37,13
11,18,11,38,41
11,18,11,39,55
11,18,11,41,12
11,18,11,41,18
11,18,11,41,57
11,18,11,41,59
11,18,11,44,9
11,18,11,47,39
11,18,11,49,5
11,18,11,49,22
11,18,11,51,9
11,18,11,53,16
11,18,11,53,23
11,18,11,53,45
11,18,11,54,45
11,18,11,55,4
11,18,11,55,18
11,18,11,55,24
11,18,11,55,31
11,18,11,55,45
11,18,11,56,40
11,18,11,57,58
11,18,11,58,0
11,18,11,58,10
11,18,11,58,59
11,18,11,59,8
11,18,11,59,36
11,18,11,59,41
11,18,12,0,2
11,18,12,0,12
11,18,12,1,32
11,18,12,1,57
11,18,12,2,3
11,18,12,2,25
11,18,12,3,2
11,18,12,3,17
11,18,12,3,20
11,18,12,3,52
11,18,12,4,34
11,18,12,4,52
11,18,12,5,48
11,18,12,6,1
11,18,12,8,11
11,18,12,8,57
11,18,12,9,21
11,18,12,9,34
11,18,12,10,7
11,18,12,10,56
11,18,12,11,19
11,18,12,11,21
11,18,12,11,30
11,18,12,11,51
11,18,12,11,54
11,18,12,11,57
11,18,12,12,0
11,18,12,12,31
11,18,12,12,33
11,18,12,12,35
11,18,12,13,13
11,18,12,13,21
11,18,12,13,57
11,18,12,14,3
11,18,12,14,5
11,18,12,14,22
11,18,12,14,34
11,18,12,17,36
11,18,12,18,26
11,18,12,18,57
11,18,12,19,0
11,18,12,19,54
11,18,12,21,38
11,18,12,21,40
11,18,12,23,4
11,18,12,24,22
11,18,12,24,33
11,18,12,25,30
11,18,12,27,18
11,18,12,31,47
11,18,12,31,49
11,18,12,31,51
11,18,12,32,40
11,18,12,33,11
11,18,12,35,28
11,18,12,40,5
11,18,12,41,51
11,18,12,48,40
11,18,12,49,45
11,18,12,49,47
11,18,12,54,25
11,18,12,55,42
11,18,12,56,10
11,18,12,58,23
11,18,13,9,18
11,18,13,9,48
11,18,13,10,9
11,18,13,17,29
11,18,13,30,43
11,18,13,36,43
11,18,13,36,46
11,18,13,42,39
11,18,13,52,0
11,18,13,52,45
11,18,13,53,4
11,18,13,55,7
11,18,13,56,4
11,18,14,5,40
11,18,14,7,17
11,18,14,7,28
11,18,14,7,42
11,18,14,10,13
11,18,14,12,13
11,18,14,12,59
11,18,14,14,42
11,18,14,18,39
11,18,14,19,57
11,18,14,37,21
11,18,14,44,36
11,18,14,51,41
11,18,14,56,12
11,18,14,57,55
11,18,14,58,39
11,18,14,58,41
11,18,14,58,51
11,18,14,59,47
11,18,15,0,53
11,18,15,2,31
11,18,15,8,54
11,18,15,9,19
11,18,15,18,34
11,18,15,26,38
11,18,15,26,46
11,18,15,30,3
11,18,15,40,39
11,18,15,40,41
11,18,15,41,31
11,18,15,44,14
11,18,15,44,35
11,18,15,45,54
11,18,15,50,14
11,18,15,50,18
11,18,15,50,24
11,18,15,51,17
11,18,15,51,24
11,18,15,51,25
11,18,15,52,19
11,18,15,52,20
11,18,15,52,30
11,18,15,52,38
11,18,15,54,6
11,18,15,55,10
11,18,15,55,59
11,18,15,56,17
11,18,15,56,28
11,18,15,56,30
11,18,15,57,47
11,18,15,57,53
11,18,15,58,11
11,18,15,58,13
11,18,15,58,16
11,18,16,0,12
11,18,16,0,19
11,18,16,3,36
11,18,16,3,42
11,18,16,4,33
11,18,16,10,24
11,18,16,31,20
11,18,16,31,23
11,18,16,36,26
11,18,16,40,45
11,18,16,40,53
11,18,16,42,51
11,18,16,46,34
11,18,16,51,23
11,18,16,56,58
11,18,17,2,43
11,18,17,6,1
11,18,17,16,7
11,18,17,18,13
11,18,17,18,26
11,18,17,40,49
11,18,17,53,29
11,18,17,56,49
11,18,18,0,52
11,18,18,2,35
11,18,22,59,27
11,18,22,59,28
11,18,22,59,30
11,18,22,59,32
11,18,22,59,35
11,19,7,2,15
11,19,7,38,31
11,19,7,39,37
11,19,7,42,8
11,19,7,44,40
11,19,7,44,51
11,19,7,44,59
11,19,7,45,42
11,19,7,46,2
11,19,7,47,42
11,19,7,48,8
11,19,7,48,41
11,19,7,48,58
11,19,7,49,0
11,19,7,49,50
11,19,7,49,59
11,19,7,50,7
11,19,7,50,16
11,19,7,51,1
11,19,7,51,37
11,19,7,51,39
11,19,7,51,59
11,19,7,52,8
11,19,7,52,20
11,19,7,52,38
11,19,7,52,58
11,19,7,53,2
11,19,7,53,12
11,19,7,53,34
11,19,7,53,52
11,19,7,54,13
11,19,7,54,18
11,19,7,54,21
11,19,7,54,23
11,19,7,55,33
11,19,7,55,57
11,19,7,56,5
11,19,7,56,9
11,19,7,56,34
11,19,7,56,48
11,19,7,57,15
11,19,7,57,16
11,19,7,57,26
11,19,7,57,55
11,19,7,57,57
11,19,7,58,22
11,19,7,58,24
11,19,7,58,32
11,19,7,58,47
11,19,7,58,51
11,19,7,58,53
11,19,7,59,15
11,19,7,59,46
11,19,8,0,3
11,19,8,0,7
11,19,8,0,12
11,19,8,0,14
11,19,8,0,15
11,19,8,0,39
11,19,8,0,42
11,19,8,0,44
11,19,8,0,48
11,19,8,0,50
11,19,8,0,53
11,19,8,1,11
11,19,8,1,27
11,19,8,1,48
11,19,8,2,4
11,19,8,2,14
11,19,8,2,37
11,19,8,2,55
11,19,8,3,6
11,19,8,3,8
11,19,8,3,16
11,19,8,3,19
11,19,8,3,21
11,19,8,3,23
11,19,8,3,47
11,19,8,3,57
11,19,8,4,0
11,19,8,4,21
11,19,8,4,49
11,19,8,5,15
11,19,8,5,19
11,19,8,5,43
11,19,8,5,57
11,19,8,5,58
11,19,8,6,0
11,19,8,6,2
11,19,8,6,3
11,19,8,6,5
11,19,8,6,7
11,19,8,6,11
11,19,8,6,15
11,19,8,6,45
11,19,8,6,56
11,19,8,7,1
11,19,8,7,8
11,19,8,7,13
11,19,8,7,27
11,19,8,7,31
11,19,8,7,39
11,19,8,7,44
11,19,8,7,50
11,19,8,7,55
11,19,8,8,3
11,19,8,8,23
11,19,8,8,39
11,19,8,8,41
11,19,8,8,43
11,19,8,8,46
11,19,8,8,49
11,19,8,8,56
11,19,8,9,1
11,19,8,9,7
11,19,8,9,19
11,19,8,9,21
11,19,8,9,26
11,19,8,9,50
11,19,8,9,55
11,19,8,9,58
11,19,8,10,3
11,19,8,10,22
11,19,8,10,34
11,19,8,10,36
11,19,8,10,38
11,19,8,10,39
11,19,8,10,43
11,19,8,10,46
11,19,8,10,48
11,19,8,10,49
11,19,8,10,58
11,19,8,11,19
11,19,8,11,23
11,19,8,11,25
11,19,8,11,27
11,19,8,11,31
11,19,8,11,33
11,19,8,11,35
11,19,8,11,37
11,19,8,11,39
11,19,8,11,42
11,19,8,11,48
11,19,8,12,11
11,19,8,12,13
11,19,8,12,17
11,19,8,12,27
11,19,8,12,30
11,19,8,12,32
11,19,8,12,34
11,19,8,12,47
11,19,8,12,55
11,19,8,12,57
11,19,8,13,0
11,19,8,13,2
11,19,8,13,4
11,19,8,13,7
11,19,8,13,10
11,19,8,13,32
11,19,8,13,48
11,19,8,13,50
11,19,8,13,53
11,19,8,14,25
11,19,8,14,27
11,19,8,14,43
11,19,8,14,45
11,19,8,15,12
11,19,8,15,14
11,19,8,15,18
11,19,8,15,42
11,19,8,15,45
11,19,8,15,55
11,19,8,16,0
11,19,8,16,15
11,19,8,16,24
11,19,8,16,40
11,19,8,20,24
11,19,8,20,27
11,19,8,20,29
11,19,8,21,14
11,19,8,21,36
11,19,8,21,48
11,19,8,22,57
11,19,8,23,3
11,19,8,23,47
11,19,8,23,54
11,19,8,26,22
11,19,8,26,25
11,19,8,29,45
11,19,8,30,0
11,19,8,31,24
11,19,8,39,28
11,19,8,42,5
11,19,8,48,57
11,19,8,55,32
11,19,8,56,12
11,19,8,59,1
11,19,9,1,13
11,19,9,1,26
11,19,9,2,53
11,19,9,3,46
11,19,9,5,36
11,19,9,5,44
11,19,9,7,43
11,19,9,10,56
11,19,9,19,5
11,19,9,21,0
11,19,9,23,28
11,19,9,23,30
11,19,9,28,0
11,19,9,28,34
11,19,9,29,34
11,19,9,29,37
11,19,9,34,29
11,19,9,36,45
11,19,9,37,0
11,19,9,39,47
11,19,9,39,50
11,19,9,40,10
11,19,9,40,13
11,19,9,41,14
11,19,9,42,31
11,19,9,43,55
11,19,9,43,58
11,19,9,47,13
11,19,9,50,16
11,19,9,50,55
11,19,9,51,15
11,19,9,54,42
11,19,9,54,58
11,19,9,55,32
11,19,9,55,51
11,19,9,57,15
11,19,9,57,16
11,19,9,57,42
11,19,9,59,34
11,19,9,59,37
11,19,10,0,59
11,19,10,1,49
11,19,10,1,52
11,19,10,2,42
11,19,10,2,45
11,19,10,2,49
11,19,10,3,39
11,19,10,3,42
11,19,10,4,2
11,19,10,5,32
11,19,10,7,17
11,19,10,8,4
11,19,10,8,30
11,19,10,11,32
11,19,10,12,47
11,19,10,15,45
11,19,10,15,47
11,19,10,19,58
11,19,10,22,50
11,19,10,22,53
11,19,10,26,16
11,19,10,36,32
11,19,10,36,57
11,19,10,37,3
11,19,10,40,46
11,19,10,41,56
11,19,10,51,35
11,19,10,51,37
11,19,10,53,30
11,19,10,53,59
11,19,10,54,55
11,19,10,54,56
11,19,10,55,0
11,19,11,2,11
11,19,11,3,11
11,19,11,3,15
11,19,11,3,20
11,19,11,4,49
11,19,11,5,9
11,19,11,6,19
11,19,11,9,0
11,19,11,9,31
11,19,11,9,50
11,19,11,10,34
11,19,11,10,36
11,19,11,11,18
11,19,11,11,54
11,19,11,13,4
11,19,11,13,58
11,19,11,18,9
11,19,11,20,47
11,19,11,22,20
11,19,11,23,47
11,19,11,36,38
11,19,11,38,13
11,19,11,38,30
11,19,11,40,19
11,19,11,40,27
11,19,11,46,39
11,19,11,47,39
11,19,11,47,59
11,19,11,48,14
11,19,11,49,53
11,19,11,52,15
11,19,11,53,40
11,19,11,53,50
11,19,11,55,9
11,19,11,55,13
11,19,11,55,17
11,19,11,55,20
11,19,11,57,6
11,19,11,57,35
11,19,12,1,25
11,19,12,1,50
11,19,12,2,35
11,19,12,2,55
11,19,12,3,17
11,19,12,5,48
11,19,12,6,51
11,19,12,7,8
11,19,12,7,27
11,19,12,8,40
11,19,12,8,46
11,19,12,10,39
11,19,12,12,10
11,19,12,12,53
11,19,12,13,2
11,19,12,14,30
11,19,12,15,32
11,19,12,17,25
11,19,12,17,30
11,19,12,21,5
11,19,12,21,10
11,19,12,25,34
11,19,12,28,5
11,19,12,29,14
11,19,12,31,33
11,19,12,31,35
11,19,12,31,40
11,19,12,33,30
11,19,12,33,36
11,19,12,33,38
11,19,12,34,49
11,19,12,49,51
11,19,13,4,39
11,19,13,4,42
11,19,13,8,30
11,19,13,9,27
11,19,13,22,14
11,19,13,35,14
11,19,13,45,46
11,19,13,52,21
11,19,13,52,25
11,19,13,52,26
11,19,13,54,3
11,19,13,55,30
11,19,13,56,11
11,19,13,57,19
11,19,13,57,49
11,19,13,57,56
11,19,13,58,17
11,19,13,58,22
11,19,13,58,23
11,19,13,58,26
11,19,13,59,49
11,19,13,59,52
11,19,14,2,41
11,19,14,2,43
11,19,14,2,49
11,19,14,2,56
11,19,14,2,58
11,19,14,3,1
11,19,14,8,37
11,19,14,12,35
11,19,14,13,30
11,19,14,13,35
11,19,14,16,39
11,19,14,37,19
11,19,14,43,18
11,19,14,43,21
11,19,14,57,28
11,19,15,6,41
11,19,15,9,1
11,19,15,10,30
11,19,15,21,40
11,19,15,22,36
11,19,15,24,48
11,19,15,30,35
11,19,15,33,59
11,19,15,46,31
11,19,15,46,38
11,19,15,48,14
11,19,15,48,21
11,19,15,50,25
11,19,15,53,16
11,19,15,53,18
11,19,15,54,9
11,19,15,54,19
11,19,15,54,23
11,19,15,55,11
11,19,15,56,39
11,19,15,56,41
11,19,15,56,43
11,19,15,56,45
11,19,15,57,13
11,19,15,57,34
11,19,15,58,39
11,19,15,58,41
11,19,15,58,44
11,19,15,59,0
11,19,15,59,4
11,19,15,59,9
11,19,15,59,22
11,19,16,0,13
11,19,16,0,16
11,19,16,0,29
11,19,16,6,49
11,19,16,33,47
11,19,16,41,56
11,19,16,43,47
11,19,16,58,23
11,19,17,59,53
11,19,18,2,13
11,19,18,8,35
11,19,19,13,59
11,19,19,14,30
11,19,19,21,2
11,19,19,21,8
11,19,19,21,25
11,20,7,35,11
11,20,7,37,31
11,20,7,42,34
11,20,7,43,14
11,20,7,43,17
11,20,7,43,38
11,20,7,44,57
11,20,7,45,37
11,20,7,48,55
11,20,7,50,27
11,20,7,50,46
11,20,7,50,57
11,20,7,51,3
11,20,7,51,19
11,20,7,51,24
11,20,7,52,2
11,20,7,52,8
11,20,7,52,24
11,20,7,52,51
11,20,7,52,53
11,20,7,53,13
11,20,7,53,15
11,20,7,53,18
11,20,7,53,20
11,20,7,53,30
11,20,7,53,32
11,20,7,53,39
11,20,7,53,41
11,20,7,55,44
11,20,7,56,4
11,20,7,56,7
11,20,7,56,12
11,20,7,56,15
11,20,7,56,17
11,20,7,56,32
11,20,7,56,34
11,20,7,56,42
11,20,7,57,0
11,20,7,57,29
11,20,7,57,49
11,20,7,58,2
11,20,7,58,25
11,20,7,58,33
11,20,7,58,46
11,20,7,59,25
11,20,7,59,28
11,20,7,59,30
11,20,7,59,36
11,20,7,59,39
11,20,7,59,45
11,20,7,59,47
11,20,8,0,6
11,20,8,0,8
11,20,8,0,11
11,20,8,0,13
11,20,8,0,15
11,20,8,0,32
11,20,8,0,34
11,20,8,0,36
11,20,8,0,38
11,20,8,0,39
11,20,8,0,51
11,20,8,1,50
11,20,8,2,2
11,20,8,2,28
11,20,8,2,54
11,20,8,2,56
11,20,8,2,58
11,20,8,3,2
11,20,8,3,15
11,20,8,3,17
11,20,8,3,39
11,20,8,3,41
11,20,8,3,47
11,20,8,4,49
11,20,8,5,2
11,20,8,5,7
11,20,8,5,9
11,20,8,5,24
11,20,8,5,29
11,20,8,5,32
11,20,8,5,34
11,20,8,5,37
11,20,8,5,39
11,20,8,5,41
11,20,8,5,43
11,20,8,5,49
11,20,8,5,57
11,20,8,6,0
11,20,8,6,7
11,20,8,6,19
11,20,8,6,25
11,20,8,6,28
11,20,8,6,34
11,20,8,6,40
11,20,8,6,46
11,20,8,6,50
11,20,8,6,52
11,20,8,7,8
11,20,8,7,13
11,20,8,7,15
11,20,8,7,17
11,20,8,7,20
11,20,8,7,36
11,20,8,7,37
11,20,8,7,39
11,20,8,7,55
11,20,8,7,57
11,20,8,8,17
11,20,8,8,31
11,20,8,8,39
11,20,8,8,51
11,20,8,8,53
11,20,8,8,58
11,20,8,9,6
11,20,8,9,10
11,20,8,9,18
11,20,8,10,5
11,20,8,10,7
11,20,8,10,8
11,20,8,10,15
11,20,8,10,17
11,20,8,10,23
11,20,8,10,32
11,20,8,10,35
11,20,8,10,38
11,20,8,10,49
11,20,8,10,51
11,20,8,10,56
11,20,8,11,1
11,20,8,11,26
11,20,8,11,45
11,20,8,11,48
11,20,8,11,51
11,20,8,11,57
11,20,8,11,59
11,20,8,12,9
11,20,8,12,11
11,20,8,12,13
11,20,8,12,15
11,20,8,12,41
11,20,8,13,5
11,20,8,13,54
11,20,8,14,4
11,20,8,14,32
11,20,8,14,41
11,20,8,14,45
11,20,8,14,53
11,20,8,15,42
11,20,8,16,18
11,20,8,16,22
11,20,8,16,23
11,20,8,16,26
11,20,8,17,11
11,20,8,17,55
11,20,8,18,6
11,20,8,19,35
11,20,8,19,43
11,20,8,20,13
11,20,8,20,28
11,20,8,21,43
11,20,8,21,55
11,20,8,25,16
11,20,8,27,39
11,20,8,27,56
11,20,8,32,46
11,20,8,35,28
11,20,8,35,36
11,20,8,36,59
11,20,8,39,0
11,20,8,43,5
11,20,8,45,8
11,20,8,45,42
11,20,8,49,7
11,20,8,51,20
11,20,8,52,36
11,20,8,55,6
11,20,8,55,35
11,20,8,56,23
11,20,9,2,41
11,20,9,3,33
11,20,9,3,35
11,20,9,4,7
11,20,9,10,8
11,20,9,10,56
11,20,9,13,22
11,20,9,15,13
11,20,9,16,26
11,20,9,17,12
11,20,9,23,11
11,20,9,24,20
11,20,9,24,22
11,20,9,33,50
11,20,9,34,18
11,20,9,34,36
11,20,9,45,47
11,20,9,47,21
11,20,9,53,27
11,20,9,55,26
11,20,9,56,4
11,20,9,56,8
11,20,9,56,12
11,20,9,58,35
11,20,9,59,54
11,20,9,59,57
11,20,10,0,20
11,20,10,0,40
11,20,10,0,56
11,20,10,2,20
11,20,10,4,17
11,20,10,7,10
11,20,10,7,12
11,20,10,7,50
11,20,10,8,38
11,20,10,8,50
11,20,10,8,56
11,20,10,9,18
11,20,10,9,22
11,20,10,12,16
11,20,10,36,26
11,20,10,46,28
11,20,10,50,12
11,20,10,55,44
11,20,11,6,32
11,20,11,13,0
11,20,11,16,7
11,20,11,16,42
11,20,11,16,44
11,20,11,20,20
11,20,11,31,20
11,20,11,34,15
11,20,11,39,15
11,20,11,40,40
11,20,11,41,9
11,20,11,41,54
11,20,11,43,41
11,20,11,43,44
11,20,11,44,29
11,20,11,44,42
11,20,11,45,15
11,20,11,45,19
11,20,11,45,22
11,20,11,46,12
11,20,11,46,23
11,20,11,46,28
11,20,11,47,51
11,20,11,47,54
11,20,11,48,8
11,20,11,49,20
11,20,11,49,22
11,20,11,49,51
11,20,11,50,37
11,20,11,50,51
11,20,11,50,57
11,20,11,51,7
11,20,11,51,52
11,20,11,52,1
11,20,11,52,23
11,20,11,53,8
11,20,11,53,30
11,20,11,53,47
11,20,11,53,50
11,20,11,54,33
11,20,11,55,3
11,20,11,56,44
11,20,11,57,9
11,20,11,57,11
11,20,11,57,13
11,20,11,58,14
11,20,11,58,21
11,20,11,58,29
11,20,11,58,33
11,20,11,58,40
11,20,11,58,43
11,20,12,0,56
11,20,12,0,58
11,20,12,1,0
11,20,12,1,18
11,20,12,1,54
11,20,12,1,56
11,20,12,2,30
11,20,12,2,52
11,20,12,3,2
11,20,12,3,4
11,20,12,3,7
11,20,12,3,12
11,20,12,3,29
11,20,12,3,30
11,20,12,4,14
11,20,12,4,17
11,20,12,4,19
11,20,12,4,26
11,20,12,5,20
11,20,12,5,26
11,20,12,5,44
11,20,12,6,3
11,20,12,6,22
11,20,12,6,25
11,20,12,6,28
11,20,12,6,33
11,20,12,6,43
11,20,12,7,20
11,20,12,7,53
11,20,12,8,0
11,20,12,8,43
11,20,12,8,52
11,20,12,8,54
11,20,12,8,56
11,20,12,9,22
11,20,12,10,13
11,20,12,10,15
11,20,12,10,16
11,20,12,10,44
11,20,12,12,5
11,20,12,12,25
11,20,12,12,28
11,20,12,12,33
11,20,12,13,7
11,20,12,13,38
11,20,12,13,43
11,20,12,13,55
11,20,12,14,21
11,20,12,16,1
11,20,12,16,42
11,20,12,16,53
11,20,12,16,55
11,20,12,19,16
11,20,12,22,24
11,20,12,23,29
11,20,12,25,31
11,20,12,27,2
11,20,12,27,47
11,20,12,27,54
11,20,12,29,3
11,20,12,31,28
11,20,12,32,6
11,20,12,37,39
11,20,12,39,9
11,20,12,45,43
11,20,12,45,45
11,20,12,46,13
11,20,13,9,12
11,20,13,9,15
11,20,13,9,53
11,20,13,15,17
11,20,13,19,51
11,20,13,24,28
11,20,13,24,31
11,20,13,37,25
11,20,13,37,28
11,20,13,37,33
11,20,13,37,35
11,20,13,38,2
11,20,13,40,35
11,20,13,40,39
11,20,13,42,18
11,20,13,42,21
11,20,13,45,55
11,20,13,46,19
11,20,13,46,21
11,20,13,50,43
11,20,13,58,9
11,20,13,58,11
11,20,13,58,26
11,20,14,0,55
11,20,14,0,57
11,20,14,2,38
11,20,14,2,43
11,20,14,3,16
11,20,14,4,31
11,20,14,5,23
11,20,14,6,22
11,20,14,8,5
11,20,14,11,7
11,20,14,22,26
11,20,14,22,59
11,20,14,23,2
11,20,14,25,48
11,20,14,41,3
11,20,14,42,55
11,20,14,42,57
11,20,14,44,24
11,20,14,44,28
11,20,14,51,33
11,20,14,51,53
11,20,14,52,9
11,20,14,52,11
11,20,14,58,47
11,20,15,5,1
11,20,15,8,51
11,20,15,8,52
11,20,15,13,17
11,20,15,14,4
11,20,15,14,8
11,20,15,15,55
11,20,15,17,47
11,20,15,33,57
11,20,15,34,14
11,20,15,34,22
11,20,15,37,49
11,20,15,40,47
11,20,15,51,44
11,20,15,53,58
11,20,15,54,0
11,20,15,54,11
11,20,16,9,0
11,20,16,21,6
11,20,17,2,21
11,20,17,11,26
11,20,17,58,35
11,21,12,4,24
11,21,21,47,51
11,21,21,47,54
11,21,21,47,57
11,22,0,35,45
11,22,0,56,42
11,22,0,56,46
11,22,0,56,51
11,22,0,57,1
11,22,12,20,18
11,22,15,41,36
11,22,15,41,38
11,22,18,37,40